2026-01-12 11:46:35,105 - INFO - --> Mode: Catch-Up / Check Today (For Task Scheduler)
2026-01-12 11:46:35,105 - INFO - --- Running Daily Job for 2026-01-12 ---
2026-01-12 11:46:35,116 - INFO - Last downloaded data found for: 2026-01-09
2026-01-12 11:46:35,116 - INFO - Catching up from 2026-01-10 to 2026-01-12...
2026-01-12 11:46:35,116 - INFO - 2026-01-10 is a Weekend. Checking for data...
2026-01-12 11:46:35,116 - INFO - Attempting download for 10-01-2026...
2026-01-12 11:46:35,718 - ERROR - Error downloading 10-01-2026:  Data not found, change the trade_date...
2026-01-12 11:46:37,219 - INFO - 2026-01-11 is a Weekend. Checking for data...
2026-01-12 11:46:37,219 - INFO - Attempting download for 11-01-2026...
2026-01-12 11:46:37,814 - WARNING - Date Mismatch! Requested: 2026-01-11, Received: 2026-01-09
2026-01-12 11:46:39,314 - INFO - Attempting download for 12-01-2026...
2026-01-12 11:46:39,777 - ERROR - Error downloading 12-01-2026:  Data not found, change the trade_date...
2026-01-12 17:03:42,223 - INFO - --> Mode: Catch-Up / Check Today (For Task Scheduler)
2026-01-12 17:03:42,223 - INFO - --- Running Daily Job for 2026-01-12 ---
2026-01-12 17:03:42,234 - INFO - Last downloaded data found for: 2026-01-09
2026-01-12 17:03:42,234 - INFO - Catching up from 2026-01-10 to 2026-01-12...
2026-01-12 17:03:42,234 - INFO - 2026-01-10 is a Weekend. Checking for data...
2026-01-12 17:03:42,234 - INFO - Attempting download for 10-01-2026...
2026-01-12 17:03:43,190 - ERROR - Error downloading 10-01-2026:  Data not found, change the trade_date...
2026-01-12 17:03:44,690 - INFO - 2026-01-11 is a Weekend. Checking for data...
2026-01-12 17:03:44,690 - INFO - Attempting download for 11-01-2026...
2026-01-12 17:03:45,593 - WARNING - Date Mismatch! Requested: 2026-01-11, Received: 2026-01-09
2026-01-12 17:03:47,093 - INFO - Attempting download for 12-01-2026...
2026-01-12 17:03:47,937 - INFO - Successfully downloaded: bhavcopy_20260112.csv -> 2026/
2026-01-12 17:24:38,797 - INFO - --> Mode: Catch-Up / Check Today (For Task Scheduler)
2026-01-12 17:24:38,798 - INFO - --- Running Daily Job for 2026-01-12 ---
2026-01-12 17:24:38,808 - INFO - Last downloaded data found for: 2026-01-12
2026-01-12 17:24:38,808 - INFO - Data is already up to date.
2026-01-12 17:35:49,673 - INFO - --> Mode: Catch-Up / Check Today (For Task Scheduler)
2026-01-12 17:35:49,673 - INFO - --- Running Daily Job for 2026-01-12 ---
2026-01-12 17:35:49,684 - INFO - Last downloaded data found for: 2026-01-12
2026-01-12 17:35:49,684 - INFO - Data is already up to date.
2026-01-13 11:47:13,853 - INFO - --> Mode: Catch-Up / Check Today (For Task Scheduler)
2026-01-13 11:47:13,853 - INFO - --- Running Daily Job for 2026-01-13 ---
2026-01-13 11:47:13,863 - INFO - Last downloaded data found for: 2026-01-12
2026-01-13 11:47:13,863 - INFO - Catching up from 2026-01-13 to 2026-01-13...
2026-01-13 11:47:13,863 - INFO - Attempting download for 13-01-2026...
2026-01-13 11:47:15,127 - INFO - Successfully downloaded: bhavcopy_20260113.csv -> 2026/
2026-01-14 11:48:05,864 - INFO - --> Mode: Catch-Up / Check Today (For Task Scheduler)
2026-01-14 11:48:05,864 - INFO - --- Running Daily Job for 2026-01-14 ---
2026-01-14 11:48:05,874 - INFO - Last downloaded data found for: 2026-01-13
2026-01-14 11:48:05,874 - INFO - Catching up from 2026-01-14 to 2026-01-14...
2026-01-14 11:48:05,874 - INFO - Attempting download for 14-01-2026...
2026-01-14 11:48:06,578 - INFO - Successfully downloaded: bhavcopy_20260114.csv -> 2026/
2026-01-15 11:47:25,129 - INFO - --> Mode: Catch-Up / Check Today (For Task Scheduler)
2026-01-15 11:47:25,129 - INFO - --- Running Daily Job for 2026-01-15 ---
2026-01-15 11:47:25,147 - INFO - Last downloaded data found for: 2026-01-14
2026-01-15 11:47:25,147 - INFO - Catching up from 2026-01-15 to 2026-01-15...
2026-01-15 11:47:25,147 - INFO - Attempting download for 15-01-2026...
2026-01-15 11:47:26,147 - WARNING - Date Mismatch! Requested: 2026-01-15, Received: 2026-01-14
2026-01-16 11:47:16,297 - INFO - --> Mode: Catch-Up / Check Today (For Task Scheduler)
2026-01-16 11:47:16,297 - INFO - --- Running Daily Job for 2026-01-16 ---
2026-01-16 11:47:16,307 - INFO - Last downloaded data found for: 2026-01-14
2026-01-16 11:47:16,307 - INFO - Catching up from 2026-01-15 to 2026-01-16...
2026-01-16 11:47:16,308 - INFO - Attempting download for 15-01-2026...
2026-01-16 11:47:17,324 - WARNING - Date Mismatch! Requested: 2026-01-15, Received: 2026-01-14
2026-01-16 11:47:18,824 - INFO - Attempting download for 16-01-2026...
2026-01-16 11:47:19,193 - INFO - Successfully downloaded: bhavcopy_20260116.csv -> 2026/
2026-01-19 11:48:22,247 - INFO - --> Mode: Catch-Up / Check Today (For Task Scheduler)
2026-01-19 11:48:22,247 - INFO - --- Running Daily Job for 2026-01-19 ---
2026-01-19 11:48:22,257 - INFO - Last downloaded data found for: 2026-01-16
2026-01-19 11:48:22,257 - INFO - Catching up from 2026-01-17 to 2026-01-19...
2026-01-19 11:48:22,257 - INFO - 2026-01-17 is a Weekend. Checking for data...
2026-01-19 11:48:22,258 - INFO - Attempting download for 17-01-2026...
2026-01-19 11:48:23,032 - ERROR - Error downloading 17-01-2026:  Data not found, change the trade_date...
2026-01-19 11:48:24,532 - INFO - 2026-01-18 is a Weekend. Checking for data...
2026-01-19 11:48:24,533 - INFO - Attempting download for 18-01-2026...
2026-01-19 11:48:25,173 - WARNING - Date Mismatch! Requested: 2026-01-18, Received: 2026-01-16
2026-01-19 11:48:26,674 - INFO - Attempting download for 19-01-2026...
2026-01-19 11:48:27,324 - INFO - Successfully downloaded: bhavcopy_20260119.csv -> 2026/
2026-01-20 11:49:32,384 - INFO - --> Mode: Catch-Up / Check Today (For Task Scheduler)
2026-01-20 11:49:32,384 - INFO - --- Running Daily Job for 2026-01-20 ---
2026-01-20 11:49:32,394 - INFO - Last downloaded data found for: 2026-01-19
2026-01-20 11:49:32,394 - INFO - Catching up from 2026-01-20 to 2026-01-20...
2026-01-20 11:49:32,394 - INFO - Attempting download for 20-01-2026...
2026-01-20 11:49:33,406 - INFO - Successfully downloaded: bhavcopy_20260120.csv -> 2026/
2026-01-21 11:49:05,162 - INFO - --> Mode: Catch-Up / Check Today (For Task Scheduler)
2026-01-21 11:49:05,163 - INFO - --- Running Daily Job for 2026-01-21 ---
2026-01-21 11:49:05,173 - INFO - Last downloaded data found for: 2026-01-20
2026-01-21 11:49:05,173 - INFO - Catching up from 2026-01-21 to 2026-01-21...
2026-01-21 11:49:05,173 - INFO - Attempting download for 21-01-2026...
2026-01-21 11:49:06,080 - INFO - Successfully downloaded: bhavcopy_20260121.csv -> 2026/
2026-01-22 11:49:19,651 - INFO - --> Mode: Catch-Up / Check Today (For Task Scheduler)
2026-01-22 11:49:19,651 - INFO - --- Running Daily Job for 2026-01-22 ---
2026-01-22 11:49:19,661 - INFO - Last downloaded data found for: 2026-01-21
2026-01-22 11:49:19,661 - INFO - Catching up from 2026-01-22 to 2026-01-22...
2026-01-22 11:49:19,661 - INFO - Attempting download for 22-01-2026...
2026-01-22 11:49:20,090 - INFO - Successfully downloaded: bhavcopy_20260122.csv -> 2026/
2026-01-23 11:47:55,540 - INFO - --> Mode: Catch-Up / Check Today (For Task Scheduler)
2026-01-23 11:47:55,540 - INFO - --- Running Daily Job for 2026-01-23 ---
2026-01-23 11:47:55,550 - INFO - Last downloaded data found for: 2026-01-22
2026-01-23 11:47:55,550 - INFO - Catching up from 2026-01-23 to 2026-01-23...
2026-01-23 11:47:55,550 - INFO - Attempting download for 23-01-2026...
2026-01-23 11:47:56,621 - INFO - Successfully downloaded: bhavcopy_20260123.csv -> 2026/
2026-01-26 11:47:08,838 - INFO - --> Mode: Catch-Up / Check Today (For Task Scheduler)
2026-01-26 11:47:08,838 - INFO - --- Running Daily Job for 2026-01-26 ---
2026-01-26 11:47:08,849 - INFO - Last downloaded data found for: 2026-01-23
2026-01-26 11:47:08,849 - INFO - Catching up from 2026-01-24 to 2026-01-26...
2026-01-26 11:47:08,849 - INFO - 2026-01-24 is a Weekend. Checking for data...
2026-01-26 11:47:08,849 - INFO - Attempting download for 24-01-2026...
2026-01-26 11:47:09,796 - ERROR - Error downloading 24-01-2026:  Data not found, change the trade_date...
2026-01-26 11:47:11,296 - INFO - 2026-01-25 is a Weekend. Checking for data...
2026-01-26 11:47:11,297 - INFO - Attempting download for 25-01-2026...
2026-01-26 11:47:12,113 - WARNING - Date Mismatch! Requested: 2026-01-25, Received: 2026-01-23
2026-01-26 11:47:13,614 - INFO - Attempting download for 26-01-2026...
2026-01-26 11:47:14,414 - WARNING - Date Mismatch! Requested: 2026-01-26, Received: 2026-01-23
2026-01-27 11:49:43,526 - INFO - --> Mode: Catch-Up / Check Today (For Task Scheduler)
2026-01-27 11:49:43,526 - INFO - --- Running Daily Job for 2026-01-27 ---
2026-01-27 11:49:43,537 - INFO - Last downloaded data found for: 2026-01-23
2026-01-27 11:49:43,537 - INFO - Catching up from 2026-01-24 to 2026-01-27...
2026-01-27 11:49:43,537 - INFO - 2026-01-24 is a Weekend. Checking for data...
2026-01-27 11:49:43,537 - INFO - Attempting download for 24-01-2026...
2026-01-27 11:49:44,367 - ERROR - Error downloading 24-01-2026:  Data not found, change the trade_date...
2026-01-27 11:49:45,867 - INFO - 2026-01-25 is a Weekend. Checking for data...
2026-01-27 11:49:45,868 - INFO - Attempting download for 25-01-2026...
2026-01-27 11:49:46,513 - WARNING - Date Mismatch! Requested: 2026-01-25, Received: 2026-01-23
2026-01-27 11:49:48,014 - INFO - Attempting download for 26-01-2026...
2026-01-27 11:49:48,660 - WARNING - Date Mismatch! Requested: 2026-01-26, Received: 2026-01-23
2026-01-27 11:49:50,161 - INFO - Attempting download for 27-01-2026...
2026-01-27 11:49:50,828 - INFO - Successfully downloaded: bhavcopy_20260127.csv -> 2026/
2026-01-28 11:48:44,868 - INFO - --> Mode: Catch-Up / Check Today (For Task Scheduler)
2026-01-28 11:48:44,868 - INFO - --- Running Daily Job for 2026-01-28 ---
2026-01-28 11:48:44,880 - INFO - Last downloaded data found for: 2026-01-27
2026-01-28 11:48:44,880 - INFO - Catching up from 2026-01-28 to 2026-01-28...
2026-01-28 11:48:44,880 - INFO - Attempting download for 28-01-2026...
2026-01-28 11:48:45,203 - INFO - Successfully downloaded: bhavcopy_20260128.csv -> 2026/
2026-01-29 11:56:35,685 - INFO - --> Mode: Catch-Up / Check Today (For Task Scheduler)
2026-01-29 11:56:35,685 - INFO - --- Running Daily Job for 2026-01-29 ---
2026-01-29 11:56:35,696 - INFO - Last downloaded data found for: 2026-01-28
2026-01-29 11:56:35,696 - INFO - Catching up from 2026-01-29 to 2026-01-29...
2026-01-29 11:56:35,696 - INFO - Attempting download for 29-01-2026...
2026-01-29 11:56:36,248 - INFO - Successfully downloaded: bhavcopy_20260129.csv -> 2026/
2026-01-30 11:54:57,596 - INFO - --> Mode: Catch-Up / Check Today (For Task Scheduler)
2026-01-30 11:54:57,596 - INFO - --- Running Daily Job for 2026-01-30 ---
2026-01-30 11:54:57,607 - INFO - Last downloaded data found for: 2026-01-29
2026-01-30 11:54:57,607 - INFO - Catching up from 2026-01-30 to 2026-01-30...
2026-01-30 11:54:57,607 - INFO - Attempting download for 30-01-2026...
2026-01-30 11:54:58,639 - INFO - Successfully downloaded: bhavcopy_20260130.csv -> 2026/
2026-02-02 11:59:07,712 - INFO - --> Mode: Catch-Up / Check Today (For Task Scheduler)
2026-02-02 11:59:07,712 - INFO - --- Running Daily Job for 2026-02-02 ---
2026-02-02 11:59:07,722 - INFO - Last downloaded data found for: 2026-01-30
2026-02-02 11:59:07,722 - INFO - Catching up from 2026-01-31 to 2026-02-02...
2026-02-02 11:59:07,722 - INFO - 2026-01-31 is a Weekend. Checking for data...
2026-02-02 11:59:07,722 - INFO - Attempting download for 31-01-2026...
2026-02-02 11:59:08,563 - ERROR - Error downloading 31-01-2026:  Data not found, change the trade_date...
2026-02-02 11:59:10,063 - INFO - 2026-02-01 is a Weekend. Checking for data...
2026-02-02 11:59:10,064 - INFO - Attempting download for 01-02-2026...
2026-02-02 11:59:10,645 - INFO - Successfully downloaded: bhavcopy_20260201.csv -> 2026/
2026-02-02 11:59:12,145 - INFO - Attempting download for 02-02-2026...
2026-02-02 11:59:12,705 - INFO - Successfully downloaded: bhavcopy_20260202.csv -> 2026/
2026-02-03 11:59:32,196 - INFO - --> Mode: Catch-Up / Check Today (For Task Scheduler)
2026-02-03 11:59:32,196 - INFO - --- Running Daily Job for 2026-02-03 ---
2026-02-03 11:59:32,206 - INFO - Last downloaded data found for: 2026-02-02
2026-02-03 11:59:32,207 - INFO - Catching up from 2026-02-03 to 2026-02-03...
2026-02-03 11:59:32,207 - INFO - Attempting download for 03-02-2026...
2026-02-03 11:59:33,689 - ERROR - Error downloading 03-02-2026:  Data not found, change the trade_date...
2026-02-04 11:58:09,242 - INFO - --> Mode: Catch-Up / Check Today (For Task Scheduler)
2026-02-04 11:58:09,242 - INFO - --- Running Daily Job for 2026-02-04 ---
2026-02-04 11:58:09,253 - INFO - Last downloaded data found for: 2026-02-02
2026-02-04 11:58:09,253 - INFO - Catching up from 2026-02-03 to 2026-02-04...
2026-02-04 11:58:09,253 - INFO - Attempting download for 03-02-2026...
2026-02-04 11:58:10,622 - INFO - Successfully downloaded: bhavcopy_20260203.csv -> 2026/
2026-02-04 11:58:12,123 - INFO - Attempting download for 04-02-2026...
2026-02-04 11:58:13,328 - INFO - Successfully downloaded: bhavcopy_20260204.csv -> 2026/
2026-02-05 12:00:41,713 - INFO - --> Mode: Catch-Up / Check Today (For Task Scheduler)
2026-02-05 12:00:41,713 - INFO - --- Running Daily Job for 2026-02-05 ---
2026-02-05 12:00:41,723 - INFO - Last downloaded data found for: 2026-02-04
2026-02-05 12:00:41,724 - INFO - Catching up from 2026-02-05 to 2026-02-05...
2026-02-05 12:00:41,724 - INFO - Attempting download for 05-02-2026...
2026-02-05 12:00:42,499 - INFO - Successfully downloaded: bhavcopy_20260205.csv -> 2026/
2026-02-06 11:58:19,254 - INFO - --> Mode: Catch-Up / Check Today (For Task Scheduler)
2026-02-06 11:58:19,254 - INFO - --- Running Daily Job for 2026-02-06 ---
2026-02-06 11:58:19,265 - INFO - Last downloaded data found for: 2026-02-05
2026-02-06 11:58:19,265 - INFO - Catching up from 2026-02-06 to 2026-02-06...
2026-02-06 11:58:19,265 - INFO - Attempting download for 06-02-2026...
2026-02-06 11:58:21,162 - INFO - Successfully downloaded: bhavcopy_20260206.csv -> 2026/
2026-02-09 12:04:06,081 - INFO - --> Mode: Catch-Up / Check Today (For Task Scheduler)
2026-02-09 12:04:06,081 - INFO - --- Running Daily Job for 2026-02-09 ---
2026-02-09 12:04:06,091 - INFO - Last downloaded data found for: 2026-02-06
2026-02-09 12:04:06,091 - INFO - Catching up from 2026-02-07 to 2026-02-09...
2026-02-09 12:04:06,091 - INFO - 2026-02-07 is a Weekend. Checking for data...
2026-02-09 12:04:06,091 - INFO - Attempting download for 07-02-2026...
2026-02-09 12:04:06,645 - ERROR - Error downloading 07-02-2026:  Data not found, change the trade_date...
2026-02-09 12:04:08,145 - INFO - 2026-02-08 is a Weekend. Checking for data...
2026-02-09 12:04:08,145 - INFO - Attempting download for 08-02-2026...
2026-02-09 12:04:09,457 - WARNING - Date Mismatch! Requested: 2026-02-08, Received: 2026-02-06
2026-02-09 12:04:10,958 - INFO - Attempting download for 09-02-2026...
2026-02-09 12:04:11,490 - INFO - Successfully downloaded: bhavcopy_20260209.csv -> 2026/
2026-02-09 12:06:10,528 - INFO - --> Mode: Catch-Up / Check Today (For Task Scheduler)
2026-02-09 12:06:10,528 - INFO - --- Running Daily Job for 2026-02-09 ---
2026-02-09 12:06:10,546 - INFO - Last downloaded data found for: 2026-02-09
2026-02-09 12:06:10,546 - INFO - Data is already up to date.
2026-02-10 12:09:12,223 - INFO - --> Mode: Catch-Up / Check Today (For Task Scheduler)
2026-02-10 12:09:12,223 - INFO - --- Running Daily Job for 2026-02-10 ---
2026-02-10 12:09:12,233 - INFO - Last downloaded data found for: 2026-02-09
2026-02-10 12:09:12,233 - INFO - Catching up from 2026-02-10 to 2026-02-10...
2026-02-10 12:09:12,234 - INFO - Attempting download for 10-02-2026...
2026-02-10 12:09:15,443 - INFO - Successfully downloaded: bhavcopy_20260210.csv -> 2026/
2026-02-11 12:07:42,902 - INFO - --> Mode: Catch-Up / Check Today (For Task Scheduler)
2026-02-11 12:07:42,902 - INFO - --- Running Daily Job for 2026-02-11 ---
2026-02-11 12:07:42,913 - INFO - Last downloaded data found for: 2026-02-10
2026-02-11 12:07:42,913 - INFO - Catching up from 2026-02-11 to 2026-02-11...
2026-02-11 12:07:42,913 - INFO - Attempting download for 11-02-2026...
2026-02-11 12:07:44,000 - INFO - Successfully downloaded: bhavcopy_20260211.csv -> 2026/
2026-02-12 12:04:49,533 - INFO - --> Mode: Catch-Up / Check Today (For Task Scheduler)
2026-02-12 12:04:49,533 - INFO - --- Running Daily Job for 2026-02-12 ---
2026-02-12 12:04:49,543 - INFO - Last downloaded data found for: 2026-02-11
2026-02-12 12:04:49,544 - INFO - Catching up from 2026-02-12 to 2026-02-12...
2026-02-12 12:04:49,544 - INFO - Attempting download for 12-02-2026...
2026-02-12 12:04:50,174 - INFO - Successfully downloaded: bhavcopy_20260212.csv -> 2026/
2026-02-13 11:56:52,995 - INFO - --> Mode: Catch-Up / Check Today (For Task Scheduler)
2026-02-13 11:56:52,996 - INFO - --- Running Daily Job for 2026-02-13 ---
2026-02-13 11:56:53,006 - INFO - Last downloaded data found for: 2026-02-12
2026-02-13 11:56:53,006 - INFO - Catching up from 2026-02-13 to 2026-02-13...
2026-02-13 11:56:53,006 - INFO - Attempting download for 13-02-2026...
2026-02-13 11:56:53,816 - INFO - Successfully downloaded: bhavcopy_20260213.csv -> 2026/
2026-02-16 12:02:55,672 - INFO - --> Mode: Catch-Up / Check Today (For Task Scheduler)
2026-02-16 12:02:55,672 - INFO - --- Running Daily Job for 2026-02-16 ---
2026-02-16 12:02:55,683 - INFO - Last downloaded data found for: 2026-02-13
2026-02-16 12:02:55,683 - INFO - Catching up from 2026-02-14 to 2026-02-16...
2026-02-16 12:02:55,683 - INFO - 2026-02-14 is a Weekend. Checking for data...
2026-02-16 12:02:55,683 - INFO - Attempting download for 14-02-2026...
2026-02-16 12:02:56,456 - ERROR - Error downloading 14-02-2026:  Data not found, change the trade_date...
2026-02-16 12:02:57,957 - INFO - 2026-02-15 is a Weekend. Checking for data...
2026-02-16 12:02:57,957 - INFO - Attempting download for 15-02-2026...
2026-02-16 12:02:58,596 - WARNING - Date Mismatch! Requested: 2026-02-15, Received: 2026-02-13
2026-02-16 12:03:00,097 - INFO - Attempting download for 16-02-2026...
2026-02-16 12:03:00,632 - INFO - Successfully downloaded: bhavcopy_20260216.csv -> 2026/
2026-02-17 12:03:02,044 - INFO - --> Mode: Catch-Up / Check Today (For Task Scheduler)
2026-02-17 12:03:02,044 - INFO - --- Running Daily Job for 2026-02-17 ---
2026-02-17 12:03:02,054 - INFO - Last downloaded data found for: 2026-02-16
2026-02-17 12:03:02,055 - INFO - Catching up from 2026-02-17 to 2026-02-17...
2026-02-17 12:03:02,055 - INFO - Attempting download for 17-02-2026...
2026-02-17 12:03:03,104 - INFO - Successfully downloaded: bhavcopy_20260217.csv -> 2026/
2026-02-18 12:02:59,344 - INFO - --> Mode: Catch-Up / Check Today (For Task Scheduler)
2026-02-18 12:02:59,344 - INFO - --- Running Daily Job for 2026-02-18 ---
2026-02-18 12:02:59,354 - INFO - Last downloaded data found for: 2026-02-17
2026-02-18 12:02:59,355 - INFO - Catching up from 2026-02-18 to 2026-02-18...
2026-02-18 12:02:59,355 - INFO - Attempting download for 18-02-2026...
2026-02-18 12:03:00,259 - INFO - Successfully downloaded: bhavcopy_20260218.csv -> 2026/
2026-02-19 12:03:01,545 - INFO - --> Mode: Catch-Up / Check Today (For Task Scheduler)
2026-02-19 12:03:01,546 - INFO - --- Running Daily Job for 2026-02-19 ---
2026-02-19 12:03:01,555 - INFO - Last downloaded data found for: 2026-02-18
2026-02-19 12:03:01,556 - INFO - Catching up from 2026-02-19 to 2026-02-19...
2026-02-19 12:03:01,556 - INFO - Attempting download for 19-02-2026...
2026-02-19 12:03:03,267 - INFO - Successfully downloaded: bhavcopy_20260219.csv -> 2026/
2026-02-20 11:57:48,881 - INFO - --> Mode: Catch-Up / Check Today (For Task Scheduler)
2026-02-20 11:57:48,881 - INFO - --- Running Daily Job for 2026-02-20 ---
2026-02-20 11:57:48,892 - INFO - Last downloaded data found for: 2026-02-19
2026-02-20 11:57:48,892 - INFO - Catching up from 2026-02-20 to 2026-02-20...
2026-02-20 11:57:48,892 - INFO - Attempting download for 20-02-2026...
2026-02-20 11:57:49,487 - INFO - Successfully downloaded: bhavcopy_20260220.csv -> 2026/
2026-02-23 12:03:32,375 - INFO - --> Mode: Catch-Up / Check Today (For Task Scheduler)
2026-02-23 12:03:32,375 - INFO - --- Running Daily Job for 2026-02-23 ---
2026-02-23 12:03:32,385 - INFO - Last downloaded data found for: 2026-02-20
2026-02-23 12:03:32,385 - INFO - Catching up from 2026-02-21 to 2026-02-23...
2026-02-23 12:03:32,386 - INFO - 2026-02-21 is a Weekend. Checking for data...
2026-02-23 12:03:32,386 - INFO - Attempting download for 21-02-2026...
2026-02-23 12:03:33,131 - ERROR - Error downloading 21-02-2026:  Data not found, change the trade_date...
2026-02-23 12:03:34,632 - INFO - 2026-02-22 is a Weekend. Checking for data...
2026-02-23 12:03:34,632 - INFO - Attempting download for 22-02-2026...
2026-02-23 12:03:35,922 - WARNING - Date Mismatch! Requested: 2026-02-22, Received: 2026-02-20
2026-02-23 12:03:37,422 - INFO - Attempting download for 23-02-2026...
2026-02-23 12:03:38,097 - INFO - Successfully downloaded: bhavcopy_20260223.csv -> 2026/
2026-02-24 12:04:51,932 - INFO - --> Mode: Catch-Up / Check Today (For Task Scheduler)
2026-02-24 12:04:51,932 - INFO - --- Running Daily Job for 2026-02-24 ---
2026-02-24 12:04:51,943 - INFO - Last downloaded data found for: 2026-02-23
2026-02-24 12:04:51,943 - INFO - Catching up from 2026-02-24 to 2026-02-24...
2026-02-24 12:04:51,943 - INFO - Attempting download for 24-02-2026...
2026-02-24 12:04:52,373 - INFO - Successfully downloaded: bhavcopy_20260224.csv -> 2026/
2026-02-25 12:04:04,432 - INFO - --> Mode: Catch-Up / Check Today (For Task Scheduler)
2026-02-25 12:04:04,433 - INFO - --- Running Daily Job for 2026-02-25 ---
2026-02-25 12:04:04,443 - INFO - Last downloaded data found for: 2026-02-24
2026-02-25 12:04:04,443 - INFO - Catching up from 2026-02-25 to 2026-02-25...
2026-02-25 12:04:04,443 - INFO - Attempting download for 25-02-2026...
2026-02-25 12:04:05,298 - INFO - Successfully downloaded: bhavcopy_20260225.csv -> 2026/
2026-02-26 12:04:47,780 - INFO - --> Mode: Catch-Up / Check Today (For Task Scheduler)
2026-02-26 12:04:47,781 - INFO - --- Running Daily Job for 2026-02-26 ---
2026-02-26 12:04:47,791 - INFO - Last downloaded data found for: 2026-02-25
2026-02-26 12:04:47,791 - INFO - Catching up from 2026-02-26 to 2026-02-26...
2026-02-26 12:04:47,791 - INFO - Attempting download for 26-02-2026...
2026-02-26 12:04:48,664 - INFO - Successfully downloaded: bhavcopy_20260226.csv -> 2026/
2026-02-27 11:57:36,359 - INFO - --> Mode: Catch-Up / Check Today (For Task Scheduler)
2026-02-27 11:57:36,359 - INFO - --- Running Daily Job for 2026-02-27 ---
2026-02-27 11:57:36,369 - INFO - Last downloaded data found for: 2026-02-26
2026-02-27 11:57:36,370 - INFO - Catching up from 2026-02-27 to 2026-02-27...
2026-02-27 11:57:36,370 - INFO - Attempting download for 27-02-2026...
2026-02-27 11:57:37,042 - INFO - Successfully downloaded: bhavcopy_20260227.csv -> 2026/
2026-03-02 11:56:08,416 - INFO - --> Mode: Catch-Up / Check Today (For Task Scheduler)
2026-03-02 11:56:08,416 - INFO - --- Running Daily Job for 2026-03-02 ---
2026-03-02 11:56:08,427 - INFO - Last downloaded data found for: 2026-02-27
2026-03-02 11:56:08,427 - INFO - Catching up from 2026-02-28 to 2026-03-02...
2026-03-02 11:56:08,427 - INFO - 2026-02-28 is a Weekend. Checking for data...
2026-03-02 11:56:08,427 - INFO - Attempting download for 28-02-2026...
2026-03-02 11:56:09,150 - ERROR - Error downloading 28-02-2026:  Data not found, change the trade_date...
2026-03-02 11:56:10,651 - INFO - 2026-03-01 is a Weekend. Checking for data...
2026-03-02 11:56:10,651 - INFO - Attempting download for 01-03-2026...
2026-03-02 11:56:11,113 - WARNING - Date Mismatch! Requested: 2026-03-01, Received: 2026-02-27
2026-03-02 11:56:12,614 - INFO - Attempting download for 02-03-2026...
2026-03-02 11:56:13,903 - INFO - Successfully downloaded: bhavcopy_20260302.csv -> 2026/
2026-03-03 11:57:21,447 - INFO - --> Mode: Catch-Up / Check Today (For Task Scheduler)
2026-03-03 11:57:21,448 - INFO - --- Running Daily Job for 2026-03-03 ---
2026-03-03 11:57:21,458 - INFO - Last downloaded data found for: 2026-03-02
2026-03-03 11:57:21,458 - INFO - Catching up from 2026-03-03 to 2026-03-03...
2026-03-03 11:57:21,458 - INFO - Attempting download for 03-03-2026...
2026-03-03 11:57:22,566 - WARNING - Date Mismatch! Requested: 2026-03-03, Received: 2026-03-02
2026-03-04 11:55:45,237 - INFO - --> Mode: Catch-Up / Check Today (For Task Scheduler)
2026-03-04 11:55:45,237 - INFO - --- Running Daily Job for 2026-03-04 ---
2026-03-04 11:55:45,248 - INFO - Last downloaded data found for: 2026-03-02
2026-03-04 11:55:45,248 - INFO - Catching up from 2026-03-03 to 2026-03-04...
2026-03-04 11:55:45,248 - INFO - Attempting download for 03-03-2026...
2026-03-04 11:55:47,730 - WARNING - Date Mismatch! Requested: 2026-03-03, Received: 2026-03-02
2026-03-04 11:55:49,231 - INFO - Attempting download for 04-03-2026...
2026-03-04 11:55:49,905 - INFO - Successfully downloaded: bhavcopy_20260304.csv -> 2026/
2026-03-05 11:59:00,910 - INFO - --> Mode: Catch-Up / Check Today (For Task Scheduler)
2026-03-05 11:59:00,910 - INFO - --- Running Daily Job for 2026-03-05 ---
2026-03-05 11:59:00,921 - INFO - Last downloaded data found for: 2026-03-04
2026-03-05 11:59:00,921 - INFO - Catching up from 2026-03-05 to 2026-03-05...
2026-03-05 11:59:00,921 - INFO - Attempting download for 05-03-2026...
2026-03-05 11:59:01,356 - ERROR - Error downloading 05-03-2026:  Data not found, change the trade_date...
2026-03-06 11:54:49,567 - INFO - --> Mode: Catch-Up / Check Today (For Task Scheduler)
2026-03-06 11:54:49,567 - INFO - --- Running Daily Job for 2026-03-06 ---
2026-03-06 11:54:49,577 - INFO - Last downloaded data found for: 2026-03-04
2026-03-06 11:54:49,577 - INFO - Catching up from 2026-03-05 to 2026-03-06...
2026-03-06 11:54:49,578 - INFO - Attempting download for 05-03-2026...
2026-03-06 11:54:50,448 - INFO - Successfully downloaded: bhavcopy_20260305.csv -> 2026/
2026-03-06 11:54:51,949 - INFO - Attempting download for 06-03-2026...
2026-03-06 11:54:52,620 - ERROR - Error downloading 06-03-2026:  Data not found, change the trade_date...
2026-03-09 11:59:43,847 - INFO - --> Mode: Catch-Up / Check Today (For Task Scheduler)
2026-03-09 11:59:43,847 - INFO - --- Running Daily Job for 2026-03-09 ---
2026-03-09 11:59:43,858 - INFO - Last downloaded data found for: 2026-03-05
2026-03-09 11:59:43,858 - INFO - Catching up from 2026-03-06 to 2026-03-09...
2026-03-09 11:59:43,858 - INFO - Attempting download for 06-03-2026...
2026-03-09 11:59:44,473 - INFO - Successfully downloaded: bhavcopy_20260306.csv -> 2026/
2026-03-09 11:59:45,973 - INFO - 2026-03-07 is a Weekend. Checking for data...
2026-03-09 11:59:45,974 - INFO - Attempting download for 07-03-2026...
2026-03-09 11:59:46,456 - ERROR - Error downloading 07-03-2026:  Data not found, change the trade_date...
2026-03-09 11:59:47,956 - INFO - 2026-03-08 is a Weekend. Checking for data...
2026-03-09 11:59:47,956 - INFO - Attempting download for 08-03-2026...
2026-03-09 11:59:48,449 - WARNING - Date Mismatch! Requested: 2026-03-08, Received: 2026-03-06
2026-03-09 11:59:49,950 - INFO - Attempting download for 09-03-2026...
2026-03-09 11:59:50,436 - INFO - Successfully downloaded: bhavcopy_20260309.csv -> 2026/
2026-03-10 11:58:12,653 - INFO - --> Mode: Catch-Up / Check Today (For Task Scheduler)
2026-03-10 11:58:12,653 - INFO - --- Running Daily Job for 2026-03-10 ---
2026-03-10 11:58:12,664 - INFO - Last downloaded data found for: 2026-03-09
2026-03-10 11:58:12,664 - INFO - Catching up from 2026-03-10 to 2026-03-10...
2026-03-10 11:58:12,664 - INFO - Attempting download for 10-03-2026...
2026-03-10 11:58:13,376 - INFO - Successfully downloaded: bhavcopy_20260310.csv -> 2026/
2026-03-11 11:58:12,261 - INFO - --> Mode: Catch-Up / Check Today (For Task Scheduler)
2026-03-11 11:58:12,261 - INFO - --- Running Daily Job for 2026-03-11 ---
2026-03-11 11:58:12,271 - INFO - Last downloaded data found for: 2026-03-10
2026-03-11 11:58:12,271 - INFO - Catching up from 2026-03-11 to 2026-03-11...
2026-03-11 11:58:12,272 - INFO - Attempting download for 11-03-2026...
2026-03-11 11:58:12,967 - ERROR - Error downloading 11-03-2026:  Data not found, change the trade_date...
2026-03-12 11:53:52,756 - INFO - --> Mode: Catch-Up / Check Today (For Task Scheduler)
2026-03-12 11:53:52,756 - INFO - --- Running Daily Job for 2026-03-12 ---
2026-03-12 11:53:52,766 - INFO - Last downloaded data found for: 2026-03-10
2026-03-12 11:53:52,766 - INFO - Catching up from 2026-03-11 to 2026-03-12...
2026-03-12 11:53:52,767 - INFO - Attempting download for 11-03-2026...
2026-03-12 11:53:53,623 - INFO - Successfully downloaded: bhavcopy_20260311.csv -> 2026/
2026-03-12 11:53:55,124 - INFO - Attempting download for 12-03-2026...
2026-03-12 11:53:56,185 - INFO - Successfully downloaded: bhavcopy_20260312.csv -> 2026/
2026-03-13 11:57:09,677 - INFO - --> Mode: Catch-Up / Check Today (For Task Scheduler)
2026-03-13 11:57:09,677 - INFO - --- Running Daily Job for 2026-03-13 ---
2026-03-13 11:57:09,688 - INFO - Last downloaded data found for: 2026-03-12
2026-03-13 11:57:09,688 - INFO - Catching up from 2026-03-13 to 2026-03-13...
2026-03-13 11:57:09,688 - INFO - Attempting download for 13-03-2026...
2026-03-13 11:57:10,280 - INFO - Successfully downloaded: bhavcopy_20260313.csv -> 2026/
2026-03-16 12:07:04,002 - INFO - --> Mode: Catch-Up / Check Today (For Task Scheduler)
2026-03-16 12:07:04,002 - INFO - --- Running Daily Job for 2026-03-16 ---
2026-03-16 12:07:04,013 - INFO - Last downloaded data found for: 2026-03-13
2026-03-16 12:07:04,013 - INFO - Catching up from 2026-03-14 to 2026-03-16...
2026-03-16 12:07:04,013 - INFO - 2026-03-14 is a Weekend. Checking for data...
2026-03-16 12:07:04,013 - INFO - Attempting download for 14-03-2026...
2026-03-16 12:07:04,845 - ERROR - Error downloading 14-03-2026:  Data not found, change the trade_date...
2026-03-16 12:07:06,346 - INFO - 2026-03-15 is a Weekend. Checking for data...
2026-03-16 12:07:06,346 - INFO - Attempting download for 15-03-2026...
2026-03-16 12:07:07,453 - WARNING - Date Mismatch! Requested: 2026-03-15, Received: 2026-03-13
2026-03-16 12:07:08,954 - INFO - Attempting download for 16-03-2026...
2026-03-16 12:07:09,707 - INFO - Successfully downloaded: bhavcopy_20260316.csv -> 2026/
2026-03-17 12:06:52,430 - INFO - --> Mode: Catch-Up / Check Today (For Task Scheduler)
2026-03-17 12:06:52,430 - INFO - --- Running Daily Job for 2026-03-17 ---
2026-03-17 12:06:52,440 - INFO - Last downloaded data found for: 2026-03-16
2026-03-17 12:06:52,441 - INFO - Catching up from 2026-03-17 to 2026-03-17...
2026-03-17 12:06:52,441 - INFO - Attempting download for 17-03-2026...
2026-03-17 12:06:53,173 - INFO - Successfully downloaded: bhavcopy_20260317.csv -> 2026/
2026-03-18 12:08:26,927 - INFO - --> Mode: Catch-Up / Check Today (For Task Scheduler)
2026-03-18 12:08:26,927 - INFO - --- Running Daily Job for 2026-03-18 ---
2026-03-18 12:08:26,938 - INFO - Last downloaded data found for: 2026-03-17
2026-03-18 12:08:26,938 - INFO - Catching up from 2026-03-18 to 2026-03-18...
2026-03-18 12:08:26,938 - INFO - Attempting download for 18-03-2026...
2026-03-18 12:08:27,593 - INFO - Successfully downloaded: bhavcopy_20260318.csv -> 2026/
2026-03-19 12:01:01,428 - INFO - --> Mode: Catch-Up / Check Today (For Task Scheduler)
2026-03-19 12:01:01,428 - INFO - --- Running Daily Job for 2026-03-19 ---
2026-03-19 12:01:01,437 - INFO - Last downloaded data found for: 2026-03-18
2026-03-19 12:01:01,437 - INFO - Catching up from 2026-03-19 to 2026-03-19...
2026-03-19 12:01:01,438 - INFO - Attempting download for 19-03-2026...
2026-03-19 12:01:03,328 - INFO - Successfully downloaded: bhavcopy_20260319.csv -> 2026/
2026-03-20 11:57:04,444 - INFO - --> Mode: Catch-Up / Check Today (For Task Scheduler)
2026-03-20 11:57:04,444 - INFO - --- Running Daily Job for 2026-03-20 ---
2026-03-20 11:57:04,453 - INFO - Last downloaded data found for: 2026-03-19
2026-03-20 11:57:04,454 - INFO - Catching up from 2026-03-20 to 2026-03-20...
2026-03-20 11:57:04,454 - INFO - Attempting download for 20-03-2026...
2026-03-20 11:57:05,832 - INFO - Successfully downloaded: bhavcopy_20260320.csv -> 2026/
2026-03-23 12:06:36,683 - INFO - --> Mode: Catch-Up / Check Today (For Task Scheduler)
2026-03-23 12:06:36,683 - INFO - --- Running Daily Job for 2026-03-23 ---
2026-03-23 12:06:36,694 - INFO - Last downloaded data found for: 2026-03-20
2026-03-23 12:06:36,694 - INFO - Catching up from 2026-03-21 to 2026-03-23...
2026-03-23 12:06:36,694 - INFO - 2026-03-21 is a Weekend. Checking for data...
2026-03-23 12:06:36,694 - INFO - Attempting download for 21-03-2026...
2026-03-23 12:06:37,336 - ERROR - Error downloading 21-03-2026:  Data not found, change the trade_date...
2026-03-23 12:06:38,837 - INFO - 2026-03-22 is a Weekend. Checking for data...
2026-03-23 12:06:38,837 - INFO - Attempting download for 22-03-2026...
2026-03-23 12:06:39,545 - WARNING - Date Mismatch! Requested: 2026-03-22, Received: 2026-03-20
2026-03-23 12:06:41,046 - INFO - Attempting download for 23-03-2026...
2026-03-23 12:06:41,633 - INFO - Successfully downloaded: bhavcopy_20260323.csv -> 2026/
2026-03-24 12:07:30,278 - INFO - --> Mode: Catch-Up / Check Today (For Task Scheduler)
2026-03-24 12:07:30,279 - INFO - --- Running Daily Job for 2026-03-24 ---
2026-03-24 12:07:30,290 - INFO - Last downloaded data found for: 2026-03-23
2026-03-24 12:07:30,290 - INFO - Catching up from 2026-03-24 to 2026-03-24...
2026-03-24 12:07:30,290 - INFO - Attempting download for 24-03-2026...
2026-03-24 12:07:31,318 - INFO - Successfully downloaded: bhavcopy_20260324.csv -> 2026/
2026-03-25 12:06:34,524 - INFO - --> Mode: Catch-Up / Check Today (For Task Scheduler)
2026-03-25 12:06:34,525 - INFO - --- Running Daily Job for 2026-03-25 ---
2026-03-25 12:06:34,535 - INFO - Last downloaded data found for: 2026-03-24
2026-03-25 12:06:34,536 - INFO - Catching up from 2026-03-25 to 2026-03-25...
2026-03-25 12:06:34,536 - INFO - Attempting download for 25-03-2026...
2026-03-25 12:06:35,306 - INFO - Successfully downloaded: bhavcopy_20260325.csv -> 2026/
2026-03-26 12:10:33,330 - INFO - --> Mode: Catch-Up / Check Today (For Task Scheduler)
2026-03-26 12:10:33,331 - INFO - --- Running Daily Job for 2026-03-26 ---
2026-03-26 12:10:33,341 - INFO - Last downloaded data found for: 2026-03-25
2026-03-26 12:10:33,341 - INFO - Catching up from 2026-03-26 to 2026-03-26...
2026-03-26 12:10:33,341 - INFO - Attempting download for 26-03-2026...
2026-03-26 12:10:35,056 - WARNING - Date Mismatch! Requested: 2026-03-26, Received: 2026-03-25
2026-03-27 12:07:22,054 - INFO - --> Mode: Catch-Up / Check Today (For Task Scheduler)
2026-03-27 12:07:22,054 - INFO - --- Running Daily Job for 2026-03-27 ---
2026-03-27 12:07:22,067 - INFO - Last downloaded data found for: 2026-03-25
2026-03-27 12:07:22,067 - INFO - Catching up from 2026-03-26 to 2026-03-27...
2026-03-27 12:07:22,067 - INFO - Attempting download for 26-03-2026...
2026-03-27 12:07:22,879 - WARNING - Date Mismatch! Requested: 2026-03-26, Received: 2026-03-25
2026-03-27 12:07:24,379 - INFO - Attempting download for 27-03-2026...
2026-03-27 12:07:25,710 - INFO - Successfully downloaded: bhavcopy_20260327.csv -> 2026/
2026-03-30 12:10:35,777 - INFO - --> Mode: Catch-Up / Check Today (For Task Scheduler)
2026-03-30 12:10:35,777 - INFO - --- Running Daily Job for 2026-03-30 ---
2026-03-30 12:10:35,788 - INFO - Last downloaded data found for: 2026-03-27
2026-03-30 12:10:35,788 - INFO - Catching up from 2026-03-28 to 2026-03-30...
2026-03-30 12:10:35,788 - INFO - 2026-03-28 is a Weekend. Checking for data...
2026-03-30 12:10:35,788 - INFO - Attempting download for 28-03-2026...
2026-03-30 12:10:36,702 - ERROR - Error downloading 28-03-2026:  Data not found, change the trade_date...
2026-03-30 12:10:38,203 - INFO - 2026-03-29 is a Weekend. Checking for data...
2026-03-30 12:10:38,203 - INFO - Attempting download for 29-03-2026...
2026-03-30 12:10:38,825 - WARNING - Date Mismatch! Requested: 2026-03-29, Received: 2026-03-27
2026-03-30 12:10:40,325 - INFO - Attempting download for 30-03-2026...
2026-03-30 12:10:41,216 - INFO - Successfully downloaded: bhavcopy_20260330.csv -> 2026/
2026-03-31 12:10:12,053 - INFO - --> Mode: Catch-Up / Check Today (For Task Scheduler)
2026-03-31 12:10:12,053 - INFO - --- Running Daily Job for 2026-03-31 ---
2026-03-31 12:10:12,064 - INFO - Last downloaded data found for: 2026-03-30
2026-03-31 12:10:12,064 - INFO - Catching up from 2026-03-31 to 2026-03-31...
2026-03-31 12:10:12,064 - INFO - Attempting download for 31-03-2026...
2026-03-31 12:10:13,317 - WARNING - Date Mismatch! Requested: 2026-03-31, Received: 2026-03-30
2026-04-01 12:10:23,738 - INFO - --> Mode: Catch-Up / Check Today (For Task Scheduler)
2026-04-01 12:10:23,738 - INFO - --- Running Daily Job for 2026-04-01 ---
2026-04-01 12:10:23,749 - INFO - Last downloaded data found for: 2026-03-30
2026-04-01 12:10:23,749 - INFO - Catching up from 2026-03-31 to 2026-04-01...
2026-04-01 12:10:23,749 - INFO - Attempting download for 31-03-2026...
2026-04-01 12:10:24,971 - WARNING - Date Mismatch! Requested: 2026-03-31, Received: 2026-03-30
2026-04-01 12:10:26,472 - INFO - Attempting download for 01-04-2026...
2026-04-01 12:10:27,494 - INFO - Successfully downloaded: bhavcopy_20260401.csv -> 2026/
2026-04-02 12:10:18,173 - INFO - --> Mode: Catch-Up / Check Today (For Task Scheduler)
2026-04-02 12:10:18,173 - INFO - --- Running Daily Job for 2026-04-02 ---
2026-04-02 12:10:18,185 - INFO - Last downloaded data found for: 2026-04-01
2026-04-02 12:10:18,185 - INFO - Catching up from 2026-04-02 to 2026-04-02...
2026-04-02 12:10:18,185 - INFO - Attempting download for 02-04-2026...
2026-04-02 12:10:19,454 - INFO - Successfully downloaded: bhavcopy_20260402.csv -> 2026/
2026-04-03 12:03:18,095 - INFO - --> Mode: Catch-Up / Check Today (For Task Scheduler)
2026-04-03 12:03:18,095 - INFO - --- Running Daily Job for 2026-04-03 ---
2026-04-03 12:03:18,106 - INFO - Last downloaded data found for: 2026-04-02
2026-04-03 12:03:18,106 - INFO - Catching up from 2026-04-03 to 2026-04-03...
2026-04-03 12:03:18,106 - INFO - Attempting download for 03-04-2026...
2026-04-03 12:03:18,812 - WARNING - Date Mismatch! Requested: 2026-04-03, Received: 2026-04-02
2026-04-06 12:08:59,275 - INFO - --> Mode: Catch-Up / Check Today (For Task Scheduler)
2026-04-06 12:08:59,275 - INFO - --- Running Daily Job for 2026-04-06 ---
2026-04-06 12:08:59,290 - INFO - Last downloaded data found for: 2026-04-02
2026-04-06 12:08:59,290 - INFO - Catching up from 2026-04-03 to 2026-04-06...
2026-04-06 12:08:59,290 - INFO - Attempting download for 03-04-2026...
2026-04-06 12:09:04,052 - WARNING - Date Mismatch! Requested: 2026-04-03, Received: 2026-04-02
2026-04-06 12:09:05,552 - INFO - 2026-04-04 is a Weekend. Checking for data...
2026-04-06 12:09:05,553 - INFO - Attempting download for 04-04-2026...
2026-04-06 12:09:06,041 - ERROR - Error downloading 04-04-2026:  Data not found, change the trade_date...
2026-04-06 12:09:07,541 - INFO - 2026-04-05 is a Weekend. Checking for data...
2026-04-06 12:09:07,541 - INFO - Attempting download for 05-04-2026...
2026-04-06 12:09:08,171 - WARNING - Date Mismatch! Requested: 2026-04-05, Received: 2026-04-02
2026-04-06 12:09:09,672 - INFO - Attempting download for 06-04-2026...
2026-04-06 12:09:10,168 - INFO - Successfully downloaded: bhavcopy_20260406.csv -> 2026/
2026-04-07 12:10:45,542 - INFO - --> Mode: Catch-Up / Check Today (For Task Scheduler)
2026-04-07 12:10:45,542 - INFO - --- Running Daily Job for 2026-04-07 ---
2026-04-07 12:10:45,553 - INFO - Last downloaded data found for: 2026-04-06
2026-04-07 12:10:45,553 - INFO - Catching up from 2026-04-07 to 2026-04-07...
2026-04-07 12:10:45,553 - INFO - Attempting download for 07-04-2026...
2026-04-07 12:10:48,219 - INFO - Successfully downloaded: bhavcopy_20260407.csv -> 2026/
2026-04-08 12:36:59,908 - INFO - --> Mode: Catch-Up / Check Today (For Task Scheduler)
2026-04-08 12:36:59,908 - INFO - --- Running Daily Job for 2026-04-08 ---
2026-04-08 12:36:59,920 - INFO - Last downloaded data found for: 2026-04-07
2026-04-08 12:36:59,920 - INFO - Catching up from 2026-04-08 to 2026-04-08...
2026-04-08 12:36:59,920 - INFO - Attempting download for 08-04-2026...
2026-04-08 12:37:00,730 - INFO - Successfully downloaded: bhavcopy_20260408.csv -> 2026/
2026-04-09 12:42:25,695 - INFO - --> Mode: Catch-Up / Check Today (For Task Scheduler)
2026-04-09 12:42:25,695 - INFO - --- Running Daily Job for 2026-04-09 ---
2026-04-09 12:42:25,706 - INFO - Last downloaded data found for: 2026-04-08
2026-04-09 12:42:25,706 - INFO - Catching up from 2026-04-09 to 2026-04-09...
2026-04-09 12:42:25,706 - INFO - Attempting download for 09-04-2026...
2026-04-09 12:42:28,083 - INFO - Successfully downloaded: bhavcopy_20260409.csv -> 2026/
2026-04-10 12:09:13,963 - INFO - --> Mode: Catch-Up / Check Today (For Task Scheduler)
2026-04-10 12:09:13,964 - INFO - --- Running Daily Job for 2026-04-10 ---
2026-04-10 12:09:13,974 - INFO - Last downloaded data found for: 2026-04-09
2026-04-10 12:09:13,974 - INFO - Catching up from 2026-04-10 to 2026-04-10...
2026-04-10 12:09:13,975 - INFO - Attempting download for 10-04-2026...
2026-04-10 12:09:15,218 - INFO - Successfully downloaded: bhavcopy_20260410.csv -> 2026/
2026-04-13 12:43:36,828 - INFO - --> Mode: Catch-Up / Check Today (For Task Scheduler)
2026-04-13 12:43:36,828 - INFO - --- Running Daily Job for 2026-04-13 ---
2026-04-13 12:43:36,839 - INFO - Last downloaded data found for: 2026-04-10
2026-04-13 12:43:36,839 - INFO - Catching up from 2026-04-11 to 2026-04-13...
2026-04-13 12:43:36,839 - INFO - 2026-04-11 is a Weekend. Checking for data...
2026-04-13 12:43:36,839 - INFO - Attempting download for 11-04-2026...
2026-04-13 12:43:37,704 - ERROR - Error downloading 11-04-2026:  Data not found, change the trade_date...
2026-04-13 12:43:39,205 - INFO - 2026-04-12 is a Weekend. Checking for data...
2026-04-13 12:43:39,205 - INFO - Attempting download for 12-04-2026...
2026-04-13 12:43:39,960 - WARNING - Date Mismatch! Requested: 2026-04-12, Received: 2026-04-10
2026-04-13 12:43:41,461 - INFO - Attempting download for 13-04-2026...
2026-04-13 12:43:42,101 - INFO - Successfully downloaded: bhavcopy_20260413.csv -> 2026/
2026-04-14 12:42:00,214 - INFO - --> Mode: Catch-Up / Check Today (For Task Scheduler)
2026-04-14 12:42:00,214 - INFO - --- Running Daily Job for 2026-04-14 ---
2026-04-14 12:42:00,225 - INFO - Last downloaded data found for: 2026-04-13
2026-04-14 12:42:00,225 - INFO - Catching up from 2026-04-14 to 2026-04-14...
2026-04-14 12:42:00,225 - INFO - Attempting download for 14-04-2026...
2026-04-14 12:42:00,957 - WARNING - Date Mismatch! Requested: 2026-04-14, Received: 2026-04-13
2026-04-15 12:41:39,330 - INFO - --> Mode: Catch-Up / Check Today (For Task Scheduler)
2026-04-15 12:41:39,331 - INFO - --- Running Daily Job for 2026-04-15 ---
2026-04-15 12:41:39,341 - INFO - Last downloaded data found for: 2026-04-13
2026-04-15 12:41:39,342 - INFO - Catching up from 2026-04-14 to 2026-04-15...
2026-04-15 12:41:39,342 - INFO - Attempting download for 14-04-2026...
2026-04-15 12:41:40,054 - WARNING - Date Mismatch! Requested: 2026-04-14, Received: 2026-04-13
2026-04-15 12:41:41,555 - INFO - Attempting download for 15-04-2026...
2026-04-15 12:41:42,242 - INFO - Successfully downloaded: bhavcopy_20260415.csv -> 2026/
2026-04-16 12:45:05,374 - INFO - --> Mode: Catch-Up / Check Today (For Task Scheduler)
2026-04-16 12:45:05,374 - INFO - --- Running Daily Job for 2026-04-16 ---
2026-04-16 12:45:05,385 - INFO - Last downloaded data found for: 2026-04-15
2026-04-16 12:45:05,385 - INFO - Catching up from 2026-04-16 to 2026-04-16...
2026-04-16 12:45:05,385 - INFO - Attempting download for 16-04-2026...
2026-04-16 12:45:07,836 - INFO - Successfully downloaded: bhavcopy_20260416.csv -> 2026/
2026-04-17 12:39:10,457 - INFO - --> Mode: Catch-Up / Check Today (For Task Scheduler)
2026-04-17 12:39:10,457 - INFO - --- Running Daily Job for 2026-04-17 ---
2026-04-17 12:39:10,468 - INFO - Last downloaded data found for: 2026-04-16
2026-04-17 12:39:10,468 - INFO - Catching up from 2026-04-17 to 2026-04-17...
2026-04-17 12:39:10,468 - INFO - Attempting download for 17-04-2026...
2026-04-17 12:39:11,202 - INFO - Successfully downloaded: bhavcopy_20260417.csv -> 2026/
2026-04-20 12:48:10,936 - INFO - --> Mode: Catch-Up / Check Today (For Task Scheduler)
2026-04-20 12:48:10,936 - INFO - --- Running Daily Job for 2026-04-20 ---
2026-04-20 12:48:10,947 - INFO - Last downloaded data found for: 2026-04-17
2026-04-20 12:48:10,947 - INFO - Catching up from 2026-04-18 to 2026-04-20...
2026-04-20 12:48:10,947 - INFO - 2026-04-18 is a Weekend. Checking for data...
2026-04-20 12:48:10,947 - INFO - Attempting download for 18-04-2026...
2026-04-20 12:48:11,730 - ERROR - Error downloading 18-04-2026:  Data not found, change the trade_date...
2026-04-20 12:48:13,231 - INFO - 2026-04-19 is a Weekend. Checking for data...
2026-04-20 12:48:13,231 - INFO - Attempting download for 19-04-2026...
2026-04-20 12:48:13,922 - WARNING - Date Mismatch! Requested: 2026-04-19, Received: 2026-04-17
2026-04-20 12:48:15,423 - INFO - Attempting download for 20-04-2026...
2026-04-20 12:48:16,947 - INFO - Successfully downloaded: bhavcopy_20260420.csv -> 2026/
2026-04-21 12:43:44,273 - INFO - --> Mode: Catch-Up / Check Today (For Task Scheduler)
2026-04-21 12:43:44,273 - INFO - --- Running Daily Job for 2026-04-21 ---
2026-04-21 12:43:44,284 - INFO - Last downloaded data found for: 2026-04-20
2026-04-21 12:43:44,284 - INFO - Catching up from 2026-04-21 to 2026-04-21...
2026-04-21 12:43:44,284 - INFO - Attempting download for 21-04-2026...
2026-04-21 12:43:47,479 - INFO - Successfully downloaded: bhavcopy_20260421.csv -> 2026/
2026-04-22 12:42:31,320 - INFO - --> Mode: Catch-Up / Check Today (For Task Scheduler)
2026-04-22 12:42:31,320 - INFO - --- Running Daily Job for 2026-04-22 ---
2026-04-22 12:42:31,329 - INFO - Last downloaded data found for: 2026-04-21
2026-04-22 12:42:31,329 - INFO - Catching up from 2026-04-22 to 2026-04-22...
2026-04-22 12:42:31,329 - INFO - Attempting download for 22-04-2026...
2026-04-22 12:42:32,399 - INFO - Successfully downloaded: bhavcopy_20260422.csv -> 2026/
2026-04-23 12:43:19,855 - INFO - --> Mode: Catch-Up / Check Today (For Task Scheduler)
2026-04-23 12:43:19,855 - INFO - --- Running Daily Job for 2026-04-23 ---
2026-04-23 12:43:19,863 - INFO - Last downloaded data found for: 2026-04-22
2026-04-23 12:43:19,863 - INFO - Catching up from 2026-04-23 to 2026-04-23...
2026-04-23 12:43:19,863 - INFO - Attempting download for 23-04-2026...
2026-04-23 12:43:20,596 - INFO - Successfully downloaded: bhavcopy_20260423.csv -> 2026/
2026-04-24 12:40:58,644 - INFO - --> Mode: Catch-Up / Check Today (For Task Scheduler)
2026-04-24 12:40:58,645 - INFO - --- Running Daily Job for 2026-04-24 ---
2026-04-24 12:40:58,654 - INFO - Last downloaded data found for: 2026-04-23
2026-04-24 12:40:58,654 - INFO - Catching up from 2026-04-24 to 2026-04-24...
2026-04-24 12:40:58,654 - INFO - Attempting download for 24-04-2026...
2026-04-24 12:40:59,967 - INFO - Successfully downloaded: bhavcopy_20260424.csv -> 2026/
2026-04-27 13:07:30,724 - INFO - --> Mode: Catch-Up / Check Today (For Task Scheduler)
2026-04-27 13:07:30,725 - INFO - --- Running Daily Job for 2026-04-27 ---
2026-04-27 13:07:30,736 - INFO - Last downloaded data found for: 2026-04-24
2026-04-27 13:07:30,736 - INFO - Catching up from 2026-04-25 to 2026-04-27...
2026-04-27 13:07:30,736 - INFO - 2026-04-25 is a Weekend. Checking for data...
2026-04-27 13:07:30,736 - INFO - Attempting download for 25-04-2026...
2026-04-27 13:07:31,501 - ERROR - Error downloading 25-04-2026:  Data not found, change the trade_date...
2026-04-27 13:07:33,002 - INFO - 2026-04-26 is a Weekend. Checking for data...
2026-04-27 13:07:33,002 - INFO - Attempting download for 26-04-2026...
2026-04-27 13:07:34,862 - WARNING - Date Mismatch! Requested: 2026-04-26, Received: 2026-04-24
2026-04-27 13:07:36,362 - INFO - Attempting download for 27-04-2026...
2026-04-27 13:07:37,999 - INFO - Successfully downloaded: bhavcopy_20260427.csv -> 2026/
2026-04-28 13:17:30,443 - INFO - --> Mode: Catch-Up / Check Today (For Task Scheduler)
2026-04-28 13:17:30,443 - INFO - --- Running Daily Job for 2026-04-28 ---
2026-04-28 13:17:30,454 - INFO - Last downloaded data found for: 2026-04-27
2026-04-28 13:17:30,454 - INFO - Catching up from 2026-04-28 to 2026-04-28...
2026-04-28 13:17:30,454 - INFO - Attempting download for 28-04-2026...
2026-04-28 13:17:31,114 - INFO - Successfully downloaded: bhavcopy_20260428.csv -> 2026/
2026-04-29 13:09:46,304 - INFO - --> Mode: Catch-Up / Check Today (For Task Scheduler)
2026-04-29 13:09:46,304 - INFO - --- Running Daily Job for 2026-04-29 ---
2026-04-29 13:09:46,317 - INFO - Last downloaded data found for: 2026-04-28
2026-04-29 13:09:46,317 - INFO - Catching up from 2026-04-29 to 2026-04-29...
2026-04-29 13:09:46,317 - INFO - Attempting download for 29-04-2026...
2026-04-29 13:09:46,890 - INFO - Successfully downloaded: bhavcopy_20260429.csv -> 2026/
2026-04-30 13:08:03,779 - INFO - --> Mode: Catch-Up / Check Today (For Task Scheduler)
2026-04-30 13:08:03,779 - INFO - --- Running Daily Job for 2026-04-30 ---
2026-04-30 13:08:03,791 - INFO - Last downloaded data found for: 2026-04-29
2026-04-30 13:08:03,791 - INFO - Catching up from 2026-04-30 to 2026-04-30...
2026-04-30 13:08:03,791 - INFO - Attempting download for 30-04-2026...
2026-04-30 13:08:05,356 - INFO - Successfully downloaded: bhavcopy_20260430.csv -> 2026/
2026-05-01 12:38:36,331 - INFO - --> Mode: Catch-Up / Check Today (For Task Scheduler)
2026-05-01 12:38:36,331 - INFO - --- Running Daily Job for 2026-05-01 ---
2026-05-01 12:38:36,342 - INFO - Last downloaded data found for: 2026-04-30
2026-05-01 12:38:36,342 - INFO - Catching up from 2026-05-01 to 2026-05-01...
2026-05-01 12:38:36,342 - INFO - Attempting download for 01-05-2026...
2026-05-01 12:38:37,223 - WARNING - Date Mismatch! Requested: 2026-05-01, Received: 2026-04-30
2026-05-04 13:11:44,525 - INFO - --> Mode: Catch-Up / Check Today (For Task Scheduler)
2026-05-04 13:11:44,525 - INFO - --- Running Daily Job for 2026-05-04 ---
2026-05-04 13:11:44,536 - INFO - Last downloaded data found for: 2026-04-30
2026-05-04 13:11:44,536 - INFO - Catching up from 2026-05-01 to 2026-05-04...
2026-05-04 13:11:44,536 - INFO - Attempting download for 01-05-2026...
2026-05-04 13:11:45,439 - WARNING - Date Mismatch! Requested: 2026-05-01, Received: 2026-04-30
2026-05-04 13:11:46,940 - INFO - 2026-05-02 is a Weekend. Checking for data...
2026-05-04 13:11:46,940 - INFO - Attempting download for 02-05-2026...
2026-05-04 13:11:47,466 - ERROR - Error downloading 02-05-2026:  Data not found, change the trade_date...
2026-05-04 13:11:48,967 - INFO - 2026-05-03 is a Weekend. Checking for data...
2026-05-04 13:11:48,967 - INFO - Attempting download for 03-05-2026...
2026-05-04 13:11:49,641 - WARNING - Date Mismatch! Requested: 2026-05-03, Received: 2026-04-30
2026-05-04 13:11:51,141 - INFO - Attempting download for 04-05-2026...
2026-05-04 13:11:51,816 - INFO - Successfully downloaded: bhavcopy_20260504.csv -> 2026/
2026-05-05 12:50:06,169 - INFO - --> Mode: Catch-Up / Check Today (For Task Scheduler)
2026-05-05 12:50:06,169 - INFO - --- Running Daily Job for 2026-05-05 ---
2026-05-05 12:50:06,180 - INFO - Last downloaded data found for: 2026-05-04
2026-05-05 12:50:06,180 - INFO - Catching up from 2026-05-05 to 2026-05-05...
2026-05-05 12:50:06,180 - INFO - Attempting download for 05-05-2026...
2026-05-05 12:50:06,951 - INFO - Successfully downloaded: bhavcopy_20260505.csv -> 2026/
2026-05-06 13:18:25,528 - INFO - --> Mode: Catch-Up / Check Today (For Task Scheduler)
2026-05-06 13:18:25,529 - INFO - --- Running Daily Job for 2026-05-06 ---
2026-05-06 13:18:25,539 - INFO - Last downloaded data found for: 2026-05-05
2026-05-06 13:18:25,539 - INFO - Catching up from 2026-05-06 to 2026-05-06...
2026-05-06 13:18:25,539 - INFO - Attempting download for 06-05-2026...
2026-05-06 13:18:26,263 - INFO - Successfully downloaded: bhavcopy_20260506.csv -> 2026/
2026-05-07 13:17:53,481 - INFO - --> Mode: Catch-Up / Check Today (For Task Scheduler)
2026-05-07 13:17:53,481 - INFO - --- Running Daily Job for 2026-05-07 ---
2026-05-07 13:17:53,492 - INFO - Last downloaded data found for: 2026-05-06
2026-05-07 13:17:53,492 - INFO - Catching up from 2026-05-07 to 2026-05-07...
2026-05-07 13:17:53,492 - INFO - Attempting download for 07-05-2026...
2026-05-07 13:17:54,985 - INFO - Successfully downloaded: bhavcopy_20260507.csv -> 2026/
2026-05-08 12:56:11,730 - INFO - --> Mode: Catch-Up / Check Today (For Task Scheduler)
2026-05-08 12:56:11,730 - INFO - --- Running Daily Job for 2026-05-08 ---
2026-05-08 12:56:11,741 - INFO - Last downloaded data found for: 2026-05-07
2026-05-08 12:56:11,741 - INFO - Catching up from 2026-05-08 to 2026-05-08...
2026-05-08 12:56:11,741 - INFO - Attempting download for 08-05-2026...
2026-05-08 12:56:12,864 - INFO - Successfully downloaded: bhavcopy_20260508.csv -> 2026/
2026-05-11 14:05:40,920 - INFO - --> Mode: Catch-Up / Check Today (For Task Scheduler)
2026-05-11 14:05:40,920 - INFO - --- Running Daily Job for 2026-05-11 ---
2026-05-11 14:05:40,931 - INFO - Last downloaded data found for: 2026-05-08
2026-05-11 14:05:40,931 - INFO - Catching up from 2026-05-09 to 2026-05-11...
2026-05-11 14:05:40,931 - INFO - 2026-05-09 is a Weekend. Checking for data...
2026-05-11 14:05:40,931 - INFO - Attempting download for 09-05-2026...
2026-05-11 14:05:41,860 - ERROR - Error downloading 09-05-2026:  Data not found, change the trade_date...
2026-05-11 14:05:43,360 - INFO - 2026-05-10 is a Weekend. Checking for data...
2026-05-11 14:05:43,360 - INFO - Attempting download for 10-05-2026...
2026-05-11 14:05:44,132 - WARNING - Date Mismatch! Requested: 2026-05-10, Received: 2026-05-08
2026-05-11 14:05:45,633 - INFO - Attempting download for 11-05-2026...
2026-05-11 14:05:46,275 - INFO - Successfully downloaded: bhavcopy_20260511.csv -> 2026/
2026-05-12 13:22:53,875 - INFO - --> Mode: Catch-Up / Check Today (For Task Scheduler)
2026-05-12 13:22:53,876 - INFO - --- Running Daily Job for 2026-05-12 ---
2026-05-12 13:22:53,885 - INFO - Last downloaded data found for: 2026-05-11
2026-05-12 13:22:53,885 - INFO - Catching up from 2026-05-12 to 2026-05-12...
2026-05-12 13:22:53,886 - INFO - Attempting download for 12-05-2026...
2026-05-12 13:22:54,589 - INFO - Successfully downloaded: bhavcopy_20260512.csv -> 2026/
2026-05-13 13:38:09,581 - INFO - --> Mode: Catch-Up / Check Today (For Task Scheduler)
2026-05-13 13:38:09,581 - INFO - --- Running Daily Job for 2026-05-13 ---
2026-05-13 13:38:09,592 - INFO - Last downloaded data found for: 2026-05-12
2026-05-13 13:38:09,592 - INFO - Catching up from 2026-05-13 to 2026-05-13...
2026-05-13 13:38:09,592 - INFO - Attempting download for 13-05-2026...
2026-05-13 13:38:10,506 - INFO - Successfully downloaded: bhavcopy_20260513.csv -> 2026/
2026-05-14 13:17:20,631 - INFO - --> Mode: Catch-Up / Check Today (For Task Scheduler)
2026-05-14 13:17:20,631 - INFO - --- Running Daily Job for 2026-05-14 ---
2026-05-14 13:17:20,642 - INFO - Last downloaded data found for: 2026-05-13
2026-05-14 13:17:20,642 - INFO - Catching up from 2026-05-14 to 2026-05-14...
2026-05-14 13:17:20,643 - INFO - Attempting download for 14-05-2026...
2026-05-14 13:17:23,290 - INFO - Successfully downloaded: bhavcopy_20260514.csv -> 2026/
2026-05-15 13:15:49,944 - INFO - --> Mode: Catch-Up / Check Today (For Task Scheduler)
2026-05-15 13:15:49,944 - INFO - --- Running Daily Job for 2026-05-15 ---
2026-05-15 13:15:49,952 - INFO - Last downloaded data found for: 2026-05-14
2026-05-15 13:15:49,952 - INFO - Catching up from 2026-05-15 to 2026-05-15...
2026-05-15 13:15:49,953 - INFO - Attempting download for 15-05-2026...
2026-05-15 13:15:50,763 - INFO - Successfully downloaded: bhavcopy_20260515.csv -> 2026/
2026-05-18 14:43:05,415 - INFO - --> Mode: Catch-Up / Check Today (For Task Scheduler)
2026-05-18 14:43:05,415 - INFO - --- Running Daily Job for 2026-05-18 ---
2026-05-18 14:43:05,425 - INFO - Last downloaded data found for: 2026-05-15
2026-05-18 14:43:05,425 - INFO - Catching up from 2026-05-16 to 2026-05-18...
2026-05-18 14:43:05,425 - INFO - 2026-05-16 is a Weekend. Checking for data...
2026-05-18 14:43:05,425 - INFO - Attempting download for 16-05-2026...
2026-05-18 14:43:06,072 - ERROR - Error downloading 16-05-2026:  Data not found, change the trade_date...
2026-05-18 14:43:07,574 - INFO - 2026-05-17 is a Weekend. Checking for data...
2026-05-18 14:43:07,575 - INFO - Attempting download for 17-05-2026...
2026-05-18 14:43:08,119 - WARNING - Date Mismatch! Requested: 2026-05-17, Received: 2026-05-15
2026-05-18 14:43:09,620 - INFO - Attempting download for 18-05-2026...
2026-05-18 14:43:10,183 - INFO - Successfully downloaded: bhavcopy_20260518.csv -> 2026/
2026-05-19 14:13:02,359 - INFO - --> Mode: Catch-Up / Check Today (For Task Scheduler)
2026-05-19 14:13:02,359 - INFO - --- Running Daily Job for 2026-05-19 ---
2026-05-19 14:13:02,370 - INFO - Last downloaded data found for: 2026-05-18
2026-05-19 14:13:02,370 - INFO - Catching up from 2026-05-19 to 2026-05-19...
2026-05-19 14:13:02,370 - INFO - Attempting download for 19-05-2026...
2026-05-19 14:13:04,291 - INFO - Successfully downloaded: bhavcopy_20260519.csv -> 2026/
2026-05-20 14:09:02,267 - INFO - --> Mode: Catch-Up / Check Today (For Task Scheduler)
2026-05-20 14:09:02,267 - INFO - --- Running Daily Job for 2026-05-20 ---
2026-05-20 14:09:02,278 - INFO - Last downloaded data found for: 2026-05-19
2026-05-20 14:09:02,278 - INFO - Catching up from 2026-05-20 to 2026-05-20...
2026-05-20 14:09:02,278 - INFO - Attempting download for 20-05-2026...
2026-05-20 14:09:04,612 - INFO - Successfully downloaded: bhavcopy_20260520.csv -> 2026/
2026-05-21 14:21:59,783 - INFO - --> Mode: Catch-Up / Check Today (For Task Scheduler)
2026-05-21 14:21:59,783 - INFO - --- Running Daily Job for 2026-05-21 ---
2026-05-21 14:21:59,794 - INFO - Last downloaded data found for: 2026-05-20
2026-05-21 14:21:59,794 - INFO - Catching up from 2026-05-21 to 2026-05-21...
2026-05-21 14:21:59,794 - INFO - Attempting download for 21-05-2026...
2026-05-21 14:22:00,518 - INFO - Successfully downloaded: bhavcopy_20260521.csv -> 2026/
2026-05-22 13:57:07,996 - INFO - --> Mode: Catch-Up / Check Today (For Task Scheduler)
2026-05-22 13:57:07,996 - INFO - --- Running Daily Job for 2026-05-22 ---
2026-05-22 13:57:08,007 - INFO - Last downloaded data found for: 2026-05-21
2026-05-22 13:57:08,007 - INFO - Catching up from 2026-05-22 to 2026-05-22...
2026-05-22 13:57:08,007 - INFO - Attempting download for 22-05-2026...
2026-05-22 13:57:09,027 - INFO - Successfully downloaded: bhavcopy_20260522.csv -> 2026/
2026-05-25 14:21:29,147 - INFO - --> Mode: Catch-Up / Check Today (For Task Scheduler)
2026-05-25 14:21:29,147 - INFO - --- Running Daily Job for 2026-05-25 ---
2026-05-25 14:21:29,158 - INFO - Last downloaded data found for: 2026-05-22
2026-05-25 14:21:29,158 - INFO - Catching up from 2026-05-23 to 2026-05-25...
2026-05-25 14:21:29,158 - INFO - 2026-05-23 is a Weekend. Checking for data...
2026-05-25 14:21:29,158 - INFO - Attempting download for 23-05-2026...
2026-05-25 14:21:29,752 - ERROR - Error downloading 23-05-2026:  Data not found, change the trade_date...
2026-05-25 14:21:31,254 - INFO - 2026-05-24 is a Weekend. Checking for data...
2026-05-25 14:21:31,255 - INFO - Attempting download for 24-05-2026...
2026-05-25 14:21:32,791 - WARNING - Date Mismatch! Requested: 2026-05-24, Received: 2026-05-22
2026-05-25 14:21:34,292 - INFO - Attempting download for 25-05-2026...
2026-05-25 14:21:34,844 - INFO - Successfully downloaded: bhavcopy_20260525.csv -> 2026/
2026-05-26 14:14:10,918 - INFO - --> Mode: Catch-Up / Check Today (For Task Scheduler)
2026-05-26 14:14:10,918 - INFO - --- Running Daily Job for 2026-05-26 ---
2026-05-26 14:14:10,929 - INFO - Last downloaded data found for: 2026-05-25
2026-05-26 14:14:10,929 - INFO - Catching up from 2026-05-26 to 2026-05-26...
2026-05-26 14:14:10,929 - INFO - Attempting download for 26-05-2026...
2026-05-26 14:14:12,468 - INFO - Successfully downloaded: bhavcopy_20260526.csv -> 2026/
2026-05-27 14:41:11,268 - INFO - --> Mode: Catch-Up / Check Today (For Task Scheduler)
2026-05-27 14:41:11,268 - INFO - --- Running Daily Job for 2026-05-27 ---
2026-05-27 14:41:11,280 - INFO - Last downloaded data found for: 2026-05-26
2026-05-27 14:41:11,280 - INFO - Catching up from 2026-05-27 to 2026-05-27...
2026-05-27 14:41:11,280 - INFO - Attempting download for 27-05-2026...
2026-05-27 14:41:13,551 - INFO - Successfully downloaded: bhavcopy_20260527.csv -> 2026/
2026-05-28 14:54:02,002 - INFO - --> Mode: Catch-Up / Check Today (For Task Scheduler)
2026-05-28 14:54:02,002 - INFO - --- Running Daily Job for 2026-05-28 ---
2026-05-28 14:54:02,013 - INFO - Last downloaded data found for: 2026-05-27
2026-05-28 14:54:02,014 - INFO - Catching up from 2026-05-28 to 2026-05-28...
2026-05-28 14:54:02,014 - INFO - Attempting download for 28-05-2026...
2026-05-28 14:54:03,590 - WARNING - Date Mismatch! Requested: 2026-05-28, Received: 2026-05-27
2026-05-29 14:19:43,849 - INFO - --> Mode: Catch-Up / Check Today (For Task Scheduler)
2026-05-29 14:19:43,849 - INFO - --- Running Daily Job for 2026-05-29 ---
2026-05-29 14:19:43,860 - INFO - Last downloaded data found for: 2026-05-27
2026-05-29 14:19:43,860 - INFO - Catching up from 2026-05-28 to 2026-05-29...
2026-05-29 14:19:43,860 - INFO - Attempting download for 28-05-2026...
2026-05-29 14:19:44,913 - WARNING - Date Mismatch! Requested: 2026-05-28, Received: 2026-05-27
2026-05-29 14:19:46,414 - INFO - Attempting download for 29-05-2026...
2026-05-29 14:19:47,248 - INFO - Successfully downloaded: bhavcopy_20260529.csv -> 2026/
2026-06-01 17:02:27,417 - INFO - --> Mode: Catch-Up / Check Today (For Task Scheduler)
2026-06-01 17:02:27,417 - INFO - --- Running Daily Job for 2026-06-01 ---
2026-06-01 17:02:27,428 - INFO - Last downloaded data found for: 2026-05-29
2026-06-01 17:02:27,428 - INFO - Catching up from 2026-05-30 to 2026-06-01...
2026-06-01 17:02:27,428 - INFO - 2026-05-30 is a Weekend. Checking for data...
2026-06-01 17:02:27,428 - INFO - Attempting download for 30-05-2026...
2026-06-01 17:02:28,101 - ERROR - Error downloading 30-05-2026:  Data not found, change the trade_date...
2026-06-01 17:02:29,603 - INFO - 2026-05-31 is a Weekend. Checking for data...
2026-06-01 17:02:29,604 - INFO - Attempting download for 31-05-2026...
2026-06-01 17:02:30,429 - WARNING - Date Mismatch! Requested: 2026-05-31, Received: 2026-05-29
2026-06-01 17:02:31,929 - INFO - Attempting download for 01-06-2026...
2026-06-01 17:02:32,146 - INFO - Successfully downloaded: bhavcopy_20260601.csv -> 2026/
2026-06-02 15:44:34,102 - INFO - --> Mode: Catch-Up / Check Today (For Task Scheduler)
2026-06-02 15:44:34,102 - INFO - --- Running Daily Job for 2026-06-02 ---
2026-06-02 15:44:34,113 - INFO - Last downloaded data found for: 2026-06-01
2026-06-02 15:44:34,113 - INFO - Catching up from 2026-06-02 to 2026-06-02...
2026-06-02 15:44:34,113 - INFO - Attempting download for 02-06-2026...
2026-06-02 15:44:34,984 - INFO - Successfully downloaded: bhavcopy_20260602.csv -> 2026/
2026-06-03 16:03:34,831 - INFO - --> Mode: Catch-Up / Check Today (For Task Scheduler)
2026-06-03 16:03:34,832 - INFO - --- Running Daily Job for 2026-06-03 ---
2026-06-03 16:03:34,843 - INFO - Last downloaded data found for: 2026-06-02
2026-06-03 16:03:34,843 - INFO - Catching up from 2026-06-03 to 2026-06-03...
2026-06-03 16:03:34,843 - INFO - Attempting download for 03-06-2026...
2026-06-03 16:03:35,342 - INFO - Successfully downloaded: bhavcopy_20260603.csv -> 2026/
2026-06-04 14:15:29,280 - INFO - --> Mode: Catch-Up / Check Today (For Task Scheduler)
2026-06-04 14:15:29,280 - INFO - --- Running Daily Job for 2026-06-04 ---
2026-06-04 14:15:29,291 - INFO - Last downloaded data found for: 2026-06-03
2026-06-04 14:15:29,291 - INFO - Catching up from 2026-06-04 to 2026-06-04...
2026-06-04 14:15:29,291 - INFO - Attempting download for 04-06-2026...
2026-06-04 14:15:30,191 - INFO - Successfully downloaded: bhavcopy_20260604.csv -> 2026/
2026-06-05 14:08:14,285 - INFO - --> Mode: Catch-Up / Check Today (For Task Scheduler)
2026-06-05 14:08:14,285 - INFO - --- Running Daily Job for 2026-06-05 ---
2026-06-05 14:08:14,296 - INFO - Last downloaded data found for: 2026-06-04
2026-06-05 14:08:14,296 - INFO - Catching up from 2026-06-05 to 2026-06-05...
2026-06-05 14:08:14,296 - INFO - Attempting download for 05-06-2026...
2026-06-05 14:08:14,563 - INFO - Successfully downloaded: bhavcopy_20260605.csv -> 2026/
2026-06-08 15:00:07,957 - INFO - --> Mode: Catch-Up / Check Today (For Task Scheduler)
2026-06-08 15:00:07,957 - INFO - --- Running Daily Job for 2026-06-08 ---
2026-06-08 15:00:07,967 - INFO - Last downloaded data found for: 2026-06-05
2026-06-08 15:00:07,967 - INFO - Catching up from 2026-06-06 to 2026-06-08...
2026-06-08 15:00:07,967 - INFO - 2026-06-06 is a Weekend. Checking for data...
2026-06-08 15:00:07,967 - INFO - Attempting download for 06-06-2026...
2026-06-08 15:00:08,860 - ERROR - Error downloading 06-06-2026:  Data not found, change the trade_date...
2026-06-08 15:00:10,362 - INFO - 2026-06-07 is a Weekend. Checking for data...
2026-06-08 15:00:10,362 - INFO - Attempting download for 07-06-2026...
2026-06-08 15:00:11,074 - WARNING - Date Mismatch! Requested: 2026-06-07, Received: 2026-06-05
2026-06-08 15:00:12,575 - INFO - Attempting download for 08-06-2026...
2026-06-08 15:00:13,299 - INFO - Successfully downloaded: bhavcopy_20260608.csv -> 2026/
2026-06-09 14:01:54,419 - INFO - --> Mode: Catch-Up / Check Today (For Task Scheduler)
2026-06-09 14:01:54,419 - INFO - --- Running Daily Job for 2026-06-09 ---
2026-06-09 14:01:54,430 - INFO - Last downloaded data found for: 2026-06-08
2026-06-09 14:01:54,430 - INFO - Catching up from 2026-06-09 to 2026-06-09...
2026-06-09 14:01:54,430 - INFO - Attempting download for 09-06-2026...
2026-06-09 14:01:56,214 - INFO - Successfully downloaded: bhavcopy_20260609.csv -> 2026/
2026-06-10 14:38:20,225 - INFO - --> Mode: Catch-Up / Check Today (For Task Scheduler)
2026-06-10 14:38:20,225 - INFO - --- Running Daily Job for 2026-06-10 ---
2026-06-10 14:38:20,237 - INFO - Last downloaded data found for: 2026-06-09
2026-06-10 14:38:20,237 - INFO - Catching up from 2026-06-10 to 2026-06-10...
2026-06-10 14:38:20,237 - INFO - Attempting download for 10-06-2026...
2026-06-10 14:38:21,016 - INFO - Successfully downloaded: bhavcopy_20260610.csv -> 2026/
2026-06-11 15:04:34,611 - INFO - --> Mode: Catch-Up / Check Today (For Task Scheduler)
2026-06-11 15:04:34,612 - INFO - --- Running Daily Job for 2026-06-11 ---
2026-06-11 15:04:34,622 - INFO - Last downloaded data found for: 2026-06-10
2026-06-11 15:04:34,622 - INFO - Catching up from 2026-06-11 to 2026-06-11...
2026-06-11 15:04:34,623 - INFO - Attempting download for 11-06-2026...
2026-06-11 15:04:35,711 - INFO - Successfully downloaded: bhavcopy_20260611.csv -> 2026/
2026-06-12 14:21:35,514 - INFO - --> Mode: Catch-Up / Check Today (For Task Scheduler)
2026-06-12 14:21:35,514 - INFO - --- Running Daily Job for 2026-06-12 ---
2026-06-12 14:21:35,525 - INFO - Last downloaded data found for: 2026-06-11
2026-06-12 14:21:35,525 - INFO - Catching up from 2026-06-12 to 2026-06-12...
2026-06-12 14:21:35,526 - INFO - Attempting download for 12-06-2026...
2026-06-12 14:21:37,264 - INFO - Successfully downloaded: bhavcopy_20260612.csv -> 2026/
2026-06-15 16:29:35,923 - INFO - --> Mode: Catch-Up / Check Today (For Task Scheduler)
2026-06-15 16:29:35,923 - INFO - --- Running Daily Job for 2026-06-15 ---
2026-06-15 16:29:35,935 - INFO - Last downloaded data found for: 2026-06-12
2026-06-15 16:29:35,935 - INFO - Catching up from 2026-06-13 to 2026-06-15...
2026-06-15 16:29:35,935 - INFO - 2026-06-13 is a Weekend. Checking for data...
2026-06-15 16:29:35,935 - INFO - Attempting download for 13-06-2026...
2026-06-15 16:29:36,527 - ERROR - Error downloading 13-06-2026:  Data not found, change the trade_date...
2026-06-15 16:29:38,029 - INFO - 2026-06-14 is a Weekend. Checking for data...
2026-06-15 16:29:38,030 - INFO - Attempting download for 14-06-2026...
2026-06-15 16:29:38,500 - WARNING - Date Mismatch! Requested: 2026-06-14, Received: 2026-06-12
2026-06-15 16:29:40,001 - INFO - Attempting download for 15-06-2026...
2026-06-15 16:29:40,511 - INFO - Successfully downloaded: bhavcopy_20260615.csv -> 2026/
2026-06-16 16:11:33,631 - INFO - --> Mode: Catch-Up / Check Today (For Task Scheduler)
2026-06-16 16:11:33,632 - INFO - --- Running Daily Job for 2026-06-16 ---
2026-06-16 16:11:33,643 - INFO - Last downloaded data found for: 2026-06-15
2026-06-16 16:11:33,643 - INFO - Catching up from 2026-06-16 to 2026-06-16...
2026-06-16 16:11:33,643 - INFO - Attempting download for 16-06-2026...
2026-06-16 16:11:34,482 - INFO - Successfully downloaded: bhavcopy_20260616.csv -> 2026/
2026-06-17 14:38:43,273 - INFO - --> Mode: Catch-Up / Check Today (For Task Scheduler)
2026-06-17 14:38:43,273 - INFO - --- Running Daily Job for 2026-06-17 ---
2026-06-17 14:38:43,282 - INFO - Last downloaded data found for: 2026-06-16
2026-06-17 14:38:43,282 - INFO - Catching up from 2026-06-17 to 2026-06-17...
2026-06-17 14:38:43,282 - INFO - Attempting download for 17-06-2026...
2026-06-17 14:38:43,929 - INFO - Successfully downloaded: bhavcopy_20260617.csv -> 2026/
2026-06-18 14:31:44,132 - INFO - --> Mode: Catch-Up / Check Today (For Task Scheduler)
2026-06-18 14:31:44,132 - INFO - --- Running Daily Job for 2026-06-18 ---
2026-06-18 14:31:44,143 - INFO - Last downloaded data found for: 2026-06-17
2026-06-18 14:31:44,143 - INFO - Catching up from 2026-06-18 to 2026-06-18...
2026-06-18 14:31:44,144 - INFO - Attempting download for 18-06-2026...
2026-06-18 14:31:46,121 - INFO - Successfully downloaded: bhavcopy_20260618.csv -> 2026/
2026-06-19 14:26:14,178 - INFO - --> Mode: Catch-Up / Check Today (For Task Scheduler)
2026-06-19 14:26:14,178 - INFO - --- Running Daily Job for 2026-06-19 ---
2026-06-19 14:26:14,190 - INFO - Last downloaded data found for: 2026-06-18
2026-06-19 14:26:14,190 - INFO - Catching up from 2026-06-19 to 2026-06-19...
2026-06-19 14:26:14,190 - INFO - Attempting download for 19-06-2026...
2026-06-19 14:26:14,701 - INFO - Successfully downloaded: bhavcopy_20260619.csv -> 2026/
2026-06-22 16:14:02,318 - INFO - --> Mode: Catch-Up / Check Today (For Task Scheduler)
2026-06-22 16:14:02,319 - INFO - --- Running Daily Job for 2026-06-22 ---
2026-06-22 16:14:02,330 - INFO - Last downloaded data found for: 2026-06-19
2026-06-22 16:14:02,330 - INFO - Catching up from 2026-06-20 to 2026-06-22...
2026-06-22 16:14:02,330 - INFO - 2026-06-20 is a Weekend. Checking for data...
2026-06-22 16:14:02,330 - INFO - Attempting download for 20-06-2026...
2026-06-22 16:14:03,113 - ERROR - Error downloading 20-06-2026:  Data not found, change the trade_date...
2026-06-22 16:14:04,616 - INFO - 2026-06-21 is a Weekend. Checking for data...
2026-06-22 16:14:04,616 - INFO - Attempting download for 21-06-2026...
2026-06-22 16:14:05,228 - WARNING - Date Mismatch! Requested: 2026-06-21, Received: 2026-06-19
2026-06-22 16:14:06,729 - INFO - Attempting download for 22-06-2026...
2026-06-22 16:14:07,305 - INFO - Successfully downloaded: bhavcopy_20260622.csv -> 2026/
2026-06-23 14:02:02,100 - INFO - --> Mode: Catch-Up / Check Today (For Task Scheduler)
2026-06-23 14:02:02,100 - INFO - --- Running Daily Job for 2026-06-23 ---
2026-06-23 14:02:02,111 - INFO - Last downloaded data found for: 2026-06-22
2026-06-23 14:02:02,111 - INFO - Catching up from 2026-06-23 to 2026-06-23...
2026-06-23 14:02:02,111 - INFO - Attempting download for 23-06-2026...
2026-06-23 14:02:03,275 - INFO - Successfully downloaded: bhavcopy_20260623.csv -> 2026/
2026-06-24 13:39:35,688 - INFO - --> Mode: Catch-Up / Check Today (For Task Scheduler)
2026-06-24 13:39:35,688 - INFO - --- Running Daily Job for 2026-06-24 ---
2026-06-24 13:39:35,699 - INFO - Last downloaded data found for: 2026-06-23
2026-06-24 13:39:35,700 - INFO - Catching up from 2026-06-24 to 2026-06-24...
2026-06-24 13:39:35,700 - INFO - Attempting download for 24-06-2026...
2026-06-24 13:39:36,009 - INFO - Successfully downloaded: bhavcopy_20260624.csv -> 2026/
2026-06-25 13:38:16,832 - INFO - --> Mode: Catch-Up / Check Today (For Task Scheduler)
2026-06-25 13:38:16,832 - INFO - --- Running Daily Job for 2026-06-25 ---
2026-06-25 13:38:16,843 - INFO - Last downloaded data found for: 2026-06-24
2026-06-25 13:38:16,843 - INFO - Catching up from 2026-06-25 to 2026-06-25...
2026-06-25 13:38:16,843 - INFO - Attempting download for 25-06-2026...
2026-06-25 13:38:17,756 - INFO - Successfully downloaded: bhavcopy_20260625.csv -> 2026/
2026-06-26 13:34:20,663 - INFO - --> Mode: Catch-Up / Check Today (For Task Scheduler)
2026-06-26 13:34:20,663 - INFO - --- Running Daily Job for 2026-06-26 ---
2026-06-26 13:34:20,674 - INFO - Last downloaded data found for: 2026-06-25
2026-06-26 13:34:20,675 - INFO - Catching up from 2026-06-26 to 2026-06-26...
2026-06-26 13:34:20,675 - INFO - Attempting download for 26-06-2026...
2026-06-26 13:34:21,046 - WARNING - Date Mismatch! Requested: 2026-06-26, Received: 2026-06-25
2026-06-29 15:01:22,588 - INFO - --> Mode: Catch-Up / Check Today (For Task Scheduler)
2026-06-29 15:01:22,588 - INFO - --- Running Daily Job for 2026-06-29 ---
2026-06-29 15:01:22,599 - INFO - Last downloaded data found for: 2026-06-25
2026-06-29 15:01:22,599 - INFO - Catching up from 2026-06-26 to 2026-06-29...
2026-06-29 15:01:22,600 - INFO - Attempting download for 26-06-2026...
2026-06-29 15:01:23,029 - WARNING - Date Mismatch! Requested: 2026-06-26, Received: 2026-06-25
2026-06-29 15:01:24,530 - INFO - 2026-06-27 is a Weekend. Checking for data...
2026-06-29 15:01:24,530 - INFO - Attempting download for 27-06-2026...
2026-06-29 15:01:24,909 - ERROR - Error downloading 27-06-2026:  Data not found, change the trade_date...
2026-06-29 15:01:26,410 - INFO - 2026-06-28 is a Weekend. Checking for data...
2026-06-29 15:01:26,411 - INFO - Attempting download for 28-06-2026...
2026-06-29 15:01:26,788 - WARNING - Date Mismatch! Requested: 2026-06-28, Received: 2026-06-25
2026-06-29 15:01:28,289 - INFO - Attempting download for 29-06-2026...
2026-06-29 15:01:28,569 - INFO - Successfully downloaded: bhavcopy_20260629.csv -> 2026/
2026-06-30 13:26:00,089 - INFO - --> Mode: Catch-Up / Check Today (For Task Scheduler)
2026-06-30 13:26:00,089 - INFO - --- Running Daily Job for 2026-06-30 ---
2026-06-30 13:26:00,099 - INFO - Last downloaded data found for: 2026-06-29
2026-06-30 13:26:00,100 - INFO - Catching up from 2026-06-30 to 2026-06-30...
2026-06-30 13:26:00,100 - INFO - Attempting download for 30-06-2026...
2026-06-30 13:26:00,810 - ERROR - Error downloading 30-06-2026:  Data not found, change the trade_date...
2026-07-01 13:53:02,709 - INFO - --> Mode: Catch-Up / Check Today (For Task Scheduler)
2026-07-01 13:53:02,709 - INFO - --- Running Daily Job for 2026-07-01 ---
2026-07-01 13:53:02,720 - INFO - Last downloaded data found for: 2026-06-29
2026-07-01 13:53:02,720 - INFO - Catching up from 2026-06-30 to 2026-07-01...
2026-07-01 13:53:02,720 - INFO - Attempting download for 30-06-2026...
2026-07-01 13:53:03,307 - INFO - Successfully downloaded: bhavcopy_20260630.csv -> 2026/
2026-07-01 13:53:04,808 - INFO - Attempting download for 01-07-2026...
2026-07-01 13:53:05,401 - INFO - Successfully downloaded: bhavcopy_20260701.csv -> 2026/
2026-07-02 13:20:09,608 - INFO - --> Mode: Catch-Up / Check Today (For Task Scheduler)
2026-07-02 13:20:09,608 - INFO - --- Running Daily Job for 2026-07-02 ---
2026-07-02 13:20:09,619 - INFO - Last downloaded data found for: 2026-07-01
2026-07-02 13:20:09,619 - INFO - Catching up from 2026-07-02 to 2026-07-02...
2026-07-02 13:20:09,619 - INFO - Attempting download for 02-07-2026...
2026-07-02 13:20:10,064 - INFO - Successfully downloaded: bhavcopy_20260702.csv -> 2026/
2026-07-03 13:22:07,004 - INFO - --> Mode: Catch-Up / Check Today (For Task Scheduler)
2026-07-03 13:22:07,004 - INFO - --- Running Daily Job for 2026-07-03 ---
2026-07-03 13:22:07,015 - INFO - Last downloaded data found for: 2026-07-02
2026-07-03 13:22:07,015 - INFO - Catching up from 2026-07-03 to 2026-07-03...
2026-07-03 13:22:07,015 - INFO - Attempting download for 03-07-2026...
2026-07-03 13:22:07,686 - INFO - Successfully downloaded: bhavcopy_20260703.csv -> 2026/
2026-07-06 14:44:07,048 - INFO - --> Mode: Catch-Up / Check Today (For Task Scheduler)
2026-07-06 14:44:07,048 - INFO - --- Running Daily Job for 2026-07-06 ---
2026-07-06 14:44:07,059 - INFO - Last downloaded data found for: 2026-07-03
2026-07-06 14:44:07,059 - INFO - Catching up from 2026-07-04 to 2026-07-06...
2026-07-06 14:44:07,059 - INFO - 2026-07-04 is a Weekend. Checking for data...
2026-07-06 14:44:07,059 - INFO - Attempting download for 04-07-2026...
2026-07-06 14:44:07,838 - ERROR - Error downloading 04-07-2026:  Data not found, change the trade_date...
2026-07-06 14:44:09,340 - INFO - 2026-07-05 is a Weekend. Checking for data...
2026-07-06 14:44:09,341 - INFO - Attempting download for 05-07-2026...
2026-07-06 14:44:09,728 - WARNING - Date Mismatch! Requested: 2026-07-05, Received: 2026-07-03
2026-07-06 14:44:11,229 - INFO - Attempting download for 06-07-2026...
2026-07-06 14:44:11,894 - INFO - Successfully downloaded: bhavcopy_20260706.csv -> 2026/
2026-07-07 13:39:17,033 - INFO - --> Mode: Catch-Up / Check Today (For Task Scheduler)
2026-07-07 13:39:17,033 - INFO - --- Running Daily Job for 2026-07-07 ---
2026-07-07 13:39:17,044 - INFO - Last downloaded data found for: 2026-07-06
2026-07-07 13:39:17,044 - INFO - Catching up from 2026-07-07 to 2026-07-07...
2026-07-07 13:39:17,045 - INFO - Attempting download for 07-07-2026...
2026-07-07 13:39:17,749 - INFO - Successfully downloaded: bhavcopy_20260707.csv -> 2026/
2026-07-08 13:12:17,872 - INFO - --> Mode: Catch-Up / Check Today (For Task Scheduler)
2026-07-08 13:12:17,872 - INFO - --- Running Daily Job for 2026-07-08 ---
2026-07-08 13:12:17,883 - INFO - Last downloaded data found for: 2026-07-07
2026-07-08 13:12:17,883 - INFO - Catching up from 2026-07-08 to 2026-07-08...
2026-07-08 13:12:17,883 - INFO - Attempting download for 08-07-2026...
2026-07-08 13:12:18,581 - INFO - Successfully downloaded: bhavcopy_20260708.csv -> 2026/
2026-07-09 14:09:16,957 - INFO - --> Mode: Catch-Up / Check Today (For Task Scheduler)
2026-07-09 14:09:16,957 - INFO - --- Running Daily Job for 2026-07-09 ---
2026-07-09 14:09:16,968 - INFO - Last downloaded data found for: 2026-07-08
2026-07-09 14:09:16,968 - INFO - Catching up from 2026-07-09 to 2026-07-09...
2026-07-09 14:09:16,968 - INFO - Attempting download for 09-07-2026...
2026-07-09 14:09:17,543 - INFO - Successfully downloaded: bhavcopy_20260709.csv -> 2026/
2026-07-10 13:30:23,453 - INFO - --> Mode: Catch-Up / Check Today (For Task Scheduler)
2026-07-10 13:30:23,453 - INFO - --- Running Daily Job for 2026-07-10 ---
2026-07-10 13:30:23,465 - INFO - Last downloaded data found for: 2026-07-09
2026-07-10 13:30:23,465 - INFO - Catching up from 2026-07-10 to 2026-07-10...
2026-07-10 13:30:23,465 - INFO - Attempting download for 10-07-2026...
2026-07-10 13:30:24,118 - INFO - Successfully downloaded: bhavcopy_20260710.csv -> 2026/
2026-07-13 13:40:46,812 - INFO - --> Mode: Catch-Up / Check Today (For Task Scheduler)
2026-07-13 13:40:46,812 - INFO - --- Running Daily Job for 2026-07-13 ---
2026-07-13 13:40:46,824 - INFO - Last downloaded data found for: 2026-07-10
2026-07-13 13:40:46,824 - INFO - Catching up from 2026-07-11 to 2026-07-13...
2026-07-13 13:40:46,824 - INFO - 2026-07-11 is a Weekend. Checking for data...
2026-07-13 13:40:46,824 - INFO - Attempting download for 11-07-2026...
2026-07-13 13:40:47,513 - ERROR - Error downloading 11-07-2026:  Data not found, change the trade_date...
2026-07-13 13:40:49,015 - INFO - 2026-07-12 is a Weekend. Checking for data...
2026-07-13 13:40:49,016 - INFO - Attempting download for 12-07-2026...
2026-07-13 13:40:49,630 - WARNING - Date Mismatch! Requested: 2026-07-12, Received: 2026-07-10
2026-07-13 13:40:51,131 - INFO - Attempting download for 13-07-2026...
2026-07-13 13:40:51,649 - INFO - Successfully downloaded: bhavcopy_20260713.csv -> 2026/
2026-07-14 12:50:36,879 - INFO - --> Mode: Catch-Up / Check Today (For Task Scheduler)
2026-07-14 12:50:36,880 - INFO - --- Running Daily Job for 2026-07-14 ---
2026-07-14 12:50:36,890 - INFO - Last downloaded data found for: 2026-07-13
2026-07-14 12:50:36,890 - INFO - Catching up from 2026-07-14 to 2026-07-14...
2026-07-14 12:50:36,891 - INFO - Attempting download for 14-07-2026...
2026-07-14 12:50:37,602 - INFO - Successfully downloaded: bhavcopy_20260714.csv -> 2026/
2026-07-15 12:54:20,123 - INFO - --> Mode: Catch-Up / Check Today (For Task Scheduler)
2026-07-15 12:54:20,123 - INFO - --- Running Daily Job for 2026-07-15 ---
2026-07-15 12:54:20,134 - INFO - Last downloaded data found for: 2026-07-14
2026-07-15 12:54:20,134 - INFO - Catching up from 2026-07-15 to 2026-07-15...
2026-07-15 12:54:20,134 - INFO - Attempting download for 15-07-2026...
2026-07-15 12:54:21,747 - INFO - Successfully downloaded: bhavcopy_20260715.csv -> 2026/
2026-07-16 13:04:21,933 - INFO - --> Mode: Catch-Up / Check Today (For Task Scheduler)
2026-07-16 13:04:21,933 - INFO - --- Running Daily Job for 2026-07-16 ---
2026-07-16 13:04:21,944 - INFO - Last downloaded data found for: 2026-07-15
2026-07-16 13:04:21,944 - INFO - Catching up from 2026-07-16 to 2026-07-16...
2026-07-16 13:04:21,944 - INFO - Attempting download for 16-07-2026...
2026-07-16 13:04:22,433 - INFO - Successfully downloaded: bhavcopy_20260716.csv -> 2026/
2026-07-17 12:44:40,479 - INFO - --> Mode: Catch-Up / Check Today (For Task Scheduler)
2026-07-17 12:44:40,479 - INFO - --- Running Daily Job for 2026-07-17 ---
2026-07-17 12:44:40,491 - INFO - Last downloaded data found for: 2026-07-16
2026-07-17 12:44:40,491 - INFO - Catching up from 2026-07-17 to 2026-07-17...
2026-07-17 12:44:40,491 - INFO - Attempting download for 17-07-2026...
2026-07-17 12:44:40,988 - INFO - Successfully downloaded: bhavcopy_20260717.csv -> 2026/
2026-07-20 13:28:29,687 - INFO - --> Mode: Catch-Up / Check Today (For Task Scheduler)
2026-07-20 13:28:29,687 - INFO - --- Running Daily Job for 2026-07-20 ---
2026-07-20 13:28:29,698 - INFO - Last downloaded data found for: 2026-07-17
2026-07-20 13:28:29,699 - INFO - Catching up from 2026-07-18 to 2026-07-20...
2026-07-20 13:28:29,699 - INFO - 2026-07-18 is a Weekend. Checking for data...
2026-07-20 13:28:29,699 - INFO - Attempting download for 18-07-2026...
2026-07-20 13:29:30,597 - ERROR - Error downloading 18-07-2026: Error tokenizing data. C error: Expected 1 fields in line 9, saw 2

2026-07-20 13:29:32,099 - INFO - 2026-07-19 is a Weekend. Checking for data...
2026-07-20 13:29:32,099 - INFO - Attempting download for 19-07-2026...
2026-07-20 13:29:32,735 - WARNING - Date Mismatch! Requested: 2026-07-19, Received: 2026-07-17
2026-07-20 13:29:34,236 - INFO - Attempting download for 20-07-2026...
2026-07-20 13:29:34,618 - INFO - Successfully downloaded: bhavcopy_20260720.csv -> 2026/
2026-07-21 12:58:57,106 - INFO - --> Mode: Catch-Up / Check Today (For Task Scheduler)
2026-07-21 12:58:57,106 - INFO - --- Running Daily Job for 2026-07-21 ---
2026-07-21 12:58:57,117 - INFO - Last downloaded data found for: 2026-07-20
2026-07-21 12:58:57,117 - INFO - Catching up from 2026-07-21 to 2026-07-21...
2026-07-21 12:58:57,117 - INFO - Attempting download for 21-07-2026...
2026-07-21 12:58:57,924 - INFO - Successfully downloaded: bhavcopy_20260721.csv -> 2026/
2026-07-22 13:06:15,255 - INFO - --> Mode: Catch-Up / Check Today (For Task Scheduler)
2026-07-22 13:06:15,255 - INFO - --- Running Daily Job for 2026-07-22 ---
2026-07-22 13:06:15,266 - INFO - Last downloaded data found for: 2026-07-21
2026-07-22 13:06:15,266 - INFO - Catching up from 2026-07-22 to 2026-07-22...
2026-07-22 13:06:15,266 - INFO - Attempting download for 22-07-2026...
2026-07-22 13:06:16,154 - INFO - Successfully downloaded: bhavcopy_20260722.csv -> 2026/
2026-07-23 13:07:51,430 - INFO - --> Mode: Catch-Up / Check Today (For Task Scheduler)
2026-07-23 13:07:51,430 - INFO - --- Running Daily Job for 2026-07-23 ---
2026-07-23 13:07:51,441 - INFO - Last downloaded data found for: 2026-07-22
2026-07-23 13:07:51,441 - INFO - Catching up from 2026-07-23 to 2026-07-23...
2026-07-23 13:07:51,441 - INFO - Attempting download for 23-07-2026...
2026-07-23 13:07:52,226 - INFO - Successfully downloaded: bhavcopy_20260723.csv -> 2026/
2026-07-24 13:04:28,733 - INFO - --> Mode: Catch-Up / Check Today (For Task Scheduler)
2026-07-24 13:04:28,733 - INFO - --- Running Daily Job for 2026-07-24 ---
2026-07-24 13:04:28,744 - INFO - Last downloaded data found for: 2026-07-23
2026-07-24 13:04:28,745 - INFO - Catching up from 2026-07-24 to 2026-07-24...
2026-07-24 13:04:28,745 - INFO - Attempting download for 24-07-2026...
2026-07-24 13:04:29,360 - INFO - Successfully downloaded: bhavcopy_20260724.csv -> 2026/
2026-07-27 13:55:25,923 - INFO - --> Mode: Catch-Up / Check Today (For Task Scheduler)
2026-07-27 13:55:25,924 - INFO - --- Running Daily Job for 2026-07-27 ---
2026-07-27 13:55:25,934 - INFO - Last downloaded data found for: 2026-07-24
2026-07-27 13:55:25,935 - INFO - Catching up from 2026-07-25 to 2026-07-27...
2026-07-27 13:55:25,935 - INFO - 2026-07-25 is a Weekend. Checking for data...
2026-07-27 13:55:25,935 - INFO - Attempting download for 25-07-2026...
2026-07-27 13:55:26,674 - ERROR - Error downloading 25-07-2026:  Data not found, change the trade_date...
2026-07-27 13:55:28,177 - INFO - 2026-07-26 is a Weekend. Checking for data...
2026-07-27 13:55:28,178 - INFO - Attempting download for 26-07-2026...
2026-07-27 13:55:29,513 - WARNING - Date Mismatch! Requested: 2026-07-26, Received: 2026-07-24
2026-07-27 13:55:31,014 - INFO - Attempting download for 27-07-2026...
2026-07-27 13:55:31,810 - INFO - Successfully downloaded: bhavcopy_20260727.csv -> 2026/
2026-07-28 13:14:22,417 - INFO - --> Mode: Catch-Up / Check Today (For Task Scheduler)
2026-07-28 13:14:22,417 - INFO - --- Running Daily Job for 2026-07-28 ---
2026-07-28 13:14:22,427 - INFO - Last downloaded data found for: 2026-07-27
2026-07-28 13:14:22,428 - INFO - Catching up from 2026-07-28 to 2026-07-28...
2026-07-28 13:14:22,428 - INFO - Attempting download for 28-07-2026...
2026-07-28 13:14:23,390 - INFO - Successfully downloaded: bhavcopy_20260728.csv -> 2026/
2026-07-29 13:17:39,360 - INFO - --> Mode: Catch-Up / Check Today (For Task Scheduler)
2026-07-29 13:17:39,360 - INFO - --- Running Daily Job for 2026-07-29 ---
2026-07-29 13:17:39,371 - INFO - Last downloaded data found for: 2026-07-28
2026-07-29 13:17:39,371 - INFO - Catching up from 2026-07-29 to 2026-07-29...
2026-07-29 13:17:39,371 - INFO - Attempting download for 29-07-2026...
2026-07-29 13:17:39,778 - INFO - Successfully downloaded: bhavcopy_20260729.csv -> 2026/
2026-07-30 13:10:39,451 - INFO - --> Mode: Catch-Up / Check Today (For Task Scheduler)
2026-07-30 13:10:39,451 - INFO - --- Running Daily Job for 2026-07-30 ---
2026-07-30 13:10:39,462 - INFO - Last downloaded data found for: 2026-07-29
2026-07-30 13:10:39,462 - INFO - Catching up from 2026-07-30 to 2026-07-30...
2026-07-30 13:10:39,462 - INFO - Attempting download for 30-07-2026...
2026-07-30 13:10:40,553 - INFO - Successfully downloaded: bhavcopy_20260730.csv -> 2026/
2026-07-31 13:16:14,385 - INFO - --> Mode: Catch-Up / Check Today (For Task Scheduler)
2026-07-31 13:16:14,386 - INFO - --- Running Daily Job for 2026-07-31 ---
2026-07-31 13:16:14,397 - INFO - Last downloaded data found for: 2026-07-30
2026-07-31 13:16:14,397 - INFO - Catching up from 2026-07-31 to 2026-07-31...
2026-07-31 13:16:14,397 - INFO - Attempting download for 31-07-2026...
2026-07-31 13:16:15,946 - INFO - Successfully downloaded: bhavcopy_20260731.csv -> 2026/
2026-08-03 13:58:58,540 - INFO - --> Mode: Catch-Up / Check Today (For Task Scheduler)
2026-08-03 13:58:58,541 - INFO - --- Running Daily Job for 2026-08-03 ---
2026-08-03 13:58:58,552 - INFO - Last downloaded data found for: 2026-07-31
2026-08-03 13:58:58,552 - INFO - Catching up from 2026-08-01 to 2026-08-03...
2026-08-03 13:58:58,552 - INFO - 2026-08-01 is a Weekend. Checking for data...
2026-08-03 13:58:58,553 - INFO - Attempting download for 01-08-2026...
2026-08-03 13:58:59,218 - ERROR - Error downloading 01-08-2026:  Data not found, change the trade_date...
2026-08-03 13:59:00,720 - INFO - 2026-08-02 is a Weekend. Checking for data...
2026-08-03 13:59:00,721 - INFO - Attempting download for 02-08-2026...
2026-08-03 13:59:01,218 - WARNING - Date Mismatch! Requested: 2026-08-02, Received: 2026-07-31
2026-08-03 13:59:02,718 - INFO - Attempting download for 03-08-2026...
2026-08-03 13:59:03,323 - INFO - Successfully downloaded: bhavcopy_20260803.csv -> 2026/
2026-08-04 13:17:29,987 - INFO - --> Mode: Catch-Up / Check Today (For Task Scheduler)
2026-08-04 13:17:29,987 - INFO - --- Running Daily Job for 2026-08-04 ---
2026-08-04 13:17:29,998 - INFO - Last downloaded data found for: 2026-08-03
2026-08-04 13:17:29,998 - INFO - Catching up from 2026-08-04 to 2026-08-04...
2026-08-04 13:17:29,998 - INFO - Attempting download for 04-08-2026...
2026-08-04 13:17:30,805 - INFO - Successfully downloaded: bhavcopy_20260804.csv -> 2026/
2026-08-05 13:15:42,378 - INFO - --> Mode: Catch-Up / Check Today (For Task Scheduler)
2026-08-05 13:15:42,378 - INFO - --- Running Daily Job for 2026-08-05 ---
2026-08-05 13:15:42,389 - INFO - Last downloaded data found for: 2026-08-04
2026-08-05 13:15:42,389 - INFO - Catching up from 2026-08-05 to 2026-08-05...
2026-08-05 13:15:42,389 - INFO - Attempting download for 05-08-2026...
2026-08-05 13:15:42,832 - INFO - Successfully downloaded: bhavcopy_20260805.csv -> 2026/
2026-08-06 13:12:43,681 - INFO - --> Mode: Catch-Up / Check Today (For Task Scheduler)
2026-08-06 13:12:43,681 - INFO - --- Running Daily Job for 2026-08-06 ---
2026-08-06 13:12:43,694 - INFO - Last downloaded data found for: 2026-08-05
2026-08-06 13:12:43,694 - INFO - Catching up from 2026-08-06 to 2026-08-06...
2026-08-06 13:12:43,695 - INFO - Attempting download for 06-08-2026...
2026-08-06 13:12:44,806 - INFO - Successfully downloaded: bhavcopy_20260806.csv -> 2026/
2026-08-07 12:24:57,412 - INFO - --> Mode: Catch-Up / Check Today (For Task Scheduler)
2026-08-07 12:24:57,412 - INFO - --- Running Daily Job for 2026-08-07 ---
2026-08-07 12:24:57,422 - INFO - Last downloaded data found for: 2026-08-06
2026-08-07 12:24:57,422 - INFO - Catching up from 2026-08-07 to 2026-08-07...
2026-08-07 12:24:57,423 - INFO - Attempting download for 07-08-2026...
2026-08-07 12:24:58,054 - INFO - Successfully downloaded: bhavcopy_20260807.csv -> 2026/
2026-08-10 12:25:56,624 - INFO - --> Mode: Catch-Up / Check Today (For Task Scheduler)
2026-08-10 12:25:56,624 - INFO - --- Running Daily Job for 2026-08-10 ---
2026-08-10 12:25:56,635 - INFO - Last downloaded data found for: 2026-08-07
2026-08-10 12:25:56,635 - INFO - Catching up from 2026-08-08 to 2026-08-10...
2026-08-10 12:25:56,635 - INFO - 2026-08-08 is a Weekend. Checking for data...
2026-08-10 12:25:56,636 - INFO - Attempting download for 08-08-2026...
2026-08-10 12:25:57,320 - ERROR - Error downloading 08-08-2026:  Data not found, change the trade_date...
2026-08-10 12:25:58,823 - INFO - 2026-08-09 is a Weekend. Checking for data...
2026-08-10 12:25:58,824 - INFO - Attempting download for 09-08-2026...
2026-08-10 12:25:59,425 - WARNING - Date Mismatch! Requested: 2026-08-09, Received: 2026-08-07
2026-08-10 12:26:00,926 - INFO - Attempting download for 10-08-2026...
2026-08-10 12:26:01,874 - INFO - Successfully downloaded: bhavcopy_20260810.csv -> 2026/
2026-08-11 12:25:55,261 - INFO - --> Mode: Catch-Up / Check Today (For Task Scheduler)
2026-08-11 12:25:55,261 - INFO - --- Running Daily Job for 2026-08-11 ---
2026-08-11 12:25:55,273 - INFO - Last downloaded data found for: 2026-08-10
2026-08-11 12:25:55,273 - INFO - Catching up from 2026-08-11 to 2026-08-11...
2026-08-11 12:25:55,273 - INFO - Attempting download for 11-08-2026...
2026-08-11 12:25:56,138 - INFO - Successfully downloaded: bhavcopy_20260811.csv -> 2026/
2026-08-12 12:27:29,789 - INFO - --> Mode: Catch-Up / Check Today (For Task Scheduler)
2026-08-12 12:27:29,789 - INFO - --- Running Daily Job for 2026-08-12 ---
2026-08-12 12:27:29,800 - INFO - Last downloaded data found for: 2026-08-11
2026-08-12 12:27:29,800 - INFO - Catching up from 2026-08-12 to 2026-08-12...
2026-08-12 12:27:29,800 - INFO - Attempting download for 12-08-2026...
2026-08-12 12:27:30,748 - INFO - Successfully downloaded: bhavcopy_20260812.csv -> 2026/
2026-08-13 12:27:52,676 - INFO - --> Mode: Catch-Up / Check Today (For Task Scheduler)
2026-08-13 12:27:52,676 - INFO - --- Running Daily Job for 2026-08-13 ---
2026-08-13 12:27:52,682 - INFO - Last downloaded data found for: 2026-08-12
2026-08-13 12:27:52,682 - INFO - Catching up from 2026-08-13 to 2026-08-13...
2026-08-13 12:27:52,682 - INFO - Attempting download for 13-08-2026...
2026-08-13 12:27:53,977 - INFO - Successfully downloaded: bhavcopy_20260813.csv -> 2026/
2026-08-14 12:25:24,465 - INFO - --> Mode: Catch-Up / Check Today (For Task Scheduler)
2026-08-14 12:25:24,465 - INFO - --- Running Daily Job for 2026-08-14 ---
2026-08-14 12:25:24,473 - INFO - Last downloaded data found for: 2026-08-13
2026-08-14 12:25:24,473 - INFO - Catching up from 2026-08-14 to 2026-08-14...
2026-08-14 12:25:24,473 - INFO - Attempting download for 14-08-2026...
2026-08-14 12:25:25,485 - ERROR - Error downloading 14-08-2026:  Data not found, change the trade_date...
2026-08-17 11:53:51,435 - INFO - --> Mode: Catch-Up / Check Today (For Task Scheduler)
2026-08-17 11:53:51,435 - INFO - --- Running Daily Job for 2026-08-17 ---
2026-08-17 11:53:51,446 - INFO - Last downloaded data found for: 2026-08-13
2026-08-17 11:53:51,446 - INFO - Catching up from 2026-08-14 to 2026-08-17...
2026-08-17 11:53:51,446 - INFO - Attempting download for 14-08-2026...
2026-08-17 11:53:52,130 - INFO - Successfully downloaded: bhavcopy_20260814.csv -> 2026/
2026-08-17 11:53:53,631 - INFO - 2026-08-15 is a Weekend. Checking for data...
2026-08-17 11:53:53,631 - INFO - Attempting download for 15-08-2026...
2026-08-17 11:53:54,377 - ERROR - Error downloading 15-08-2026:  Data not found, change the trade_date...
2026-08-17 11:53:55,879 - INFO - 2026-08-16 is a Weekend. Checking for data...
2026-08-17 11:53:55,880 - INFO - Attempting download for 16-08-2026...
2026-08-17 11:53:56,492 - WARNING - Date Mismatch! Requested: 2026-08-16, Received: 2026-08-14
2026-08-17 11:53:57,992 - INFO - Attempting download for 17-08-2026...
2026-08-17 11:53:58,281 - INFO - Successfully downloaded: bhavcopy_20260817.csv -> 2026/
2026-08-18 11:55:08,496 - INFO - --> Mode: Catch-Up / Check Today (For Task Scheduler)
2026-08-18 11:55:08,496 - INFO - --- Running Daily Job for 2026-08-18 ---
2026-08-18 11:55:08,508 - INFO - Last downloaded data found for: 2026-08-17
2026-08-18 11:55:08,508 - INFO - Catching up from 2026-08-18 to 2026-08-18...
2026-08-18 11:55:08,508 - INFO - Attempting download for 18-08-2026...
2026-08-18 11:55:09,272 - INFO - Successfully downloaded: bhavcopy_20260818.csv -> 2026/
2026-08-19 11:54:29,266 - INFO - --> Mode: Catch-Up / Check Today (For Task Scheduler)
2026-08-19 11:54:29,266 - INFO - --- Running Daily Job for 2026-08-19 ---
2026-08-19 11:54:29,277 - INFO - Last downloaded data found for: 2026-08-18
2026-08-19 11:54:29,277 - INFO - Catching up from 2026-08-19 to 2026-08-19...
2026-08-19 11:54:29,277 - INFO - Attempting download for 19-08-2026...
2026-08-19 11:54:30,029 - INFO - Successfully downloaded: bhavcopy_20260819.csv -> 2026/
2026-08-20 11:56:13,529 - INFO - --> Mode: Catch-Up / Check Today (For Task Scheduler)
2026-08-20 11:56:13,529 - INFO - --- Running Daily Job for 2026-08-20 ---
2026-08-20 11:56:13,540 - INFO - Last downloaded data found for: 2026-08-19
2026-08-20 11:56:13,540 - INFO - Catching up from 2026-08-20 to 2026-08-20...
2026-08-20 11:56:13,540 - INFO - Attempting download for 20-08-2026...
2026-08-20 11:56:14,142 - INFO - Successfully downloaded: bhavcopy_20260820.csv -> 2026/
2026-08-21 11:56:00,831 - INFO - --> Mode: Catch-Up / Check Today (For Task Scheduler)
2026-08-21 11:56:00,831 - INFO - --- Running Daily Job for 2026-08-21 ---
2026-08-21 11:56:00,842 - INFO - Last downloaded data found for: 2026-08-20
2026-08-21 11:56:00,842 - INFO - Catching up from 2026-08-21 to 2026-08-21...
2026-08-21 11:56:00,842 - INFO - Attempting download for 21-08-2026...
2026-08-21 11:56:01,637 - INFO - Successfully downloaded: bhavcopy_20260821.csv -> 2026/
2026-08-24 11:57:20,186 - INFO - --> Mode: Catch-Up / Check Today (For Task Scheduler)
2026-08-24 11:57:20,186 - INFO - --- Running Daily Job for 2026-08-24 ---
2026-08-24 11:57:20,198 - INFO - Last downloaded data found for: 2026-08-21
2026-08-24 11:57:20,198 - INFO - Catching up from 2026-08-22 to 2026-08-24...
2026-08-24 11:57:20,198 - INFO - 2026-08-22 is a Weekend. Checking for data...
2026-08-24 11:57:20,198 - INFO - Attempting download for 22-08-2026...
2026-08-24 11:57:21,057 - ERROR - Error downloading 22-08-2026:  Data not found, change the trade_date...
2026-08-24 11:57:22,560 - INFO - 2026-08-23 is a Weekend. Checking for data...
2026-08-24 11:57:22,560 - INFO - Attempting download for 23-08-2026...
2026-08-24 11:57:23,313 - WARNING - Date Mismatch! Requested: 2026-08-23, Received: 2026-08-21
2026-08-24 11:57:24,814 - INFO - Attempting download for 24-08-2026...
2026-08-24 11:57:25,640 - INFO - Successfully downloaded: bhavcopy_20260824.csv -> 2026/
2026-08-25 11:57:54,655 - INFO - --> Mode: Catch-Up / Check Today (For Task Scheduler)
2026-08-25 11:57:54,655 - INFO - --- Running Daily Job for 2026-08-25 ---
2026-08-25 11:57:54,666 - INFO - Last downloaded data found for: 2026-08-24
2026-08-25 11:57:54,666 - INFO - Catching up from 2026-08-25 to 2026-08-25...
2026-08-25 11:57:54,666 - INFO - Attempting download for 25-08-2026...
2026-08-25 11:57:55,797 - INFO - Successfully downloaded: bhavcopy_20260825.csv -> 2026/
2026-08-26 11:59:15,934 - INFO - --> Mode: Catch-Up / Check Today (For Task Scheduler)
2026-08-26 11:59:15,934 - INFO - --- Running Daily Job for 2026-08-26 ---
2026-08-26 11:59:15,947 - INFO - Last downloaded data found for: 2026-08-25
2026-08-26 11:59:15,947 - INFO - Catching up from 2026-08-26 to 2026-08-26...
2026-08-26 11:59:15,947 - INFO - Attempting download for 26-08-2026...
2026-08-26 11:59:16,541 - INFO - Successfully downloaded: bhavcopy_20260826.csv -> 2026/
2026-08-27 21:08:30,992 - INFO - --> Mode: Catch-Up / Check Today (For Task Scheduler)
2026-08-27 21:08:30,992 - INFO - --- Running Daily Job for 2026-08-27 ---
2026-08-27 21:08:31,001 - INFO - Last downloaded data found for: 2026-08-26
2026-08-27 21:08:31,001 - INFO - Catching up from 2026-08-27 to 2026-08-27...
2026-08-27 21:08:31,001 - INFO - Attempting download for 27-08-2026...
2026-08-27 21:08:31,926 - INFO - Successfully downloaded: bhavcopy_20260827.csv -> 2026/
2026-08-28 21:30:04,182 - INFO - --> Mode: Catch-Up / Check Today (For Task Scheduler)
2026-08-28 21:30:04,182 - INFO - --- Running Daily Job for 2026-08-28 ---
2026-08-28 21:30:04,193 - INFO - Last downloaded data found for: 2026-08-27
2026-08-28 21:30:04,193 - INFO - Catching up from 2026-08-28 to 2026-08-28...
2026-08-28 21:30:04,193 - INFO - Attempting download for 28-08-2026...
2026-08-28 21:30:04,803 - INFO - Successfully downloaded: bhavcopy_20260828.csv -> 2026/
2026-08-31 18:06:42,805 - INFO - --> Mode: Catch-Up / Check Today (For Task Scheduler)
2026-08-31 18:06:42,806 - INFO - --- Running Daily Job for 2026-08-31 ---
2026-08-31 18:06:42,817 - INFO - Last downloaded data found for: 2026-08-28
2026-08-31 18:06:42,817 - INFO - Catching up from 2026-08-29 to 2026-08-31...
2026-08-31 18:06:42,817 - INFO - 2026-08-29 is a Weekend. Checking for data...
2026-08-31 18:06:42,817 - INFO - Attempting download for 29-08-2026...
2026-08-31 18:06:43,723 - ERROR - Error downloading 29-08-2026:  Data not found, change the trade_date...
2026-08-31 18:06:45,225 - INFO - 2026-08-30 is a Weekend. Checking for data...
2026-08-31 18:06:45,226 - INFO - Attempting download for 30-08-2026...
2026-08-31 18:06:45,849 - WARNING - Date Mismatch! Requested: 2026-08-30, Received: 2026-08-28
2026-08-31 18:06:47,350 - INFO - Attempting download for 31-08-2026...
2026-08-31 18:06:47,637 - INFO - Successfully downloaded: bhavcopy_20260831.csv -> 2026/
2026-09-01 15:32:01,225 - INFO - --> Mode: Catch-Up / Check Today (For Task Scheduler)
2026-09-01 15:32:01,225 - INFO - --- Running Daily Job for 2026-09-01 ---
2026-09-01 15:32:01,237 - INFO - Last downloaded data found for: 2026-08-31
2026-09-01 15:32:01,237 - INFO - Catching up from 2026-09-01 to 2026-09-01...
2026-09-01 15:32:01,237 - INFO - Attempting download for 01-09-2026...
2026-09-01 15:32:02,597 - INFO - Successfully downloaded: bhavcopy_20260901.csv -> 2026/
2026-09-02 15:15:52,086 - INFO - --> Mode: Catch-Up / Check Today (For Task Scheduler)
2026-09-02 15:15:52,086 - INFO - --- Running Daily Job for 2026-09-02 ---
2026-09-02 15:15:52,098 - INFO - Last downloaded data found for: 2026-09-01
2026-09-02 15:15:52,098 - INFO - Catching up from 2026-09-02 to 2026-09-02...
2026-09-02 15:15:52,098 - INFO - Attempting download for 02-09-2026...
2026-09-02 15:15:58,328 - INFO - Successfully downloaded: bhavcopy_20260902.csv -> 2026/
2026-09-03 15:09:24,289 - INFO - --> Mode: Catch-Up / Check Today (For Task Scheduler)
2026-09-03 15:09:24,289 - INFO - --- Running Daily Job for 2026-09-03 ---
2026-09-03 15:09:24,300 - INFO - Last downloaded data found for: 2026-09-02
2026-09-03 15:09:24,300 - INFO - Catching up from 2026-09-03 to 2026-09-03...
2026-09-03 15:09:24,301 - INFO - Attempting download for 03-09-2026...
2026-09-03 15:09:25,218 - INFO - Successfully downloaded: bhavcopy_20260903.csv -> 2026/
2026-09-04 15:05:03,172 - INFO - --> Mode: Catch-Up / Check Today (For Task Scheduler)
2026-09-04 15:05:03,172 - INFO - --- Running Daily Job for 2026-09-04 ---
2026-09-04 15:05:03,180 - INFO - Last downloaded data found for: 2026-09-03
2026-09-04 15:05:03,180 - INFO - Catching up from 2026-09-04 to 2026-09-04...
2026-09-04 15:05:03,180 - INFO - Attempting download for 04-09-2026...
2026-09-04 15:05:03,998 - INFO - Successfully downloaded: bhavcopy_20260904.csv -> 2026/
